phi,trait,pop,contrast,n_seeds,mean,se,ci_lo,ci_hi,p,win_rate
auto,all,EUR,mt_ridge_vs_prsxtra,30,0.009401413926894357,0.0004942601842929506,0.008390538347052442,0.010412289506736273,6.367465688991377e-18,1.0
auto,all,EUR,mt_vs_prsxtra,30,0.006433742625690657,0.0005343914390454438,0.005340789414052964,0.007526695837328351,8.367105411971553e-13,0.9666666666666667
auto,all,EUR,mtag_in_stack,30,1.2344053843418356e-06,6.675955118950054e-05,-0.0001353042076039002,0.0001377730183725839,0.9853743329060876,0.36666666666666664
auto,all,EUR,mtag_alone,30,0.00011822636693934375,4.043289009421473e-05,3.553182160156205e-05,0.00020092091227712547,0.006641079891182421,0.5666666666666667
auto,all,EUR,mt_alone,30,0.01095075785186546,0.0005366607102181571,0.009853163459559297,0.012048352244171624,9.524416375847066e-19,1.0
auto,all,EUR,stacking_on_mt,30,0.0029676713012036977,0.0002158634036839984,0.0025261810693375263,0.003409161533069869,3.1108077768963175e-14,1.0
auto,all,EAS,mt_ridge_vs_prsxtra,30,0.013760875738773033,0.0006599264622970063,0.012411174576455426,0.01511057690109064,5.283319828082282e-19,1.0
auto,all,EAS,mt_vs_prsxtra,30,0.005051132556569659,0.0007906184222138645,0.003434136323841675,0.0066681287892976435,5.513132079051341e-07,0.8333333333333334
auto,all,EAS,mtag_in_stack,30,0.0012358100607475142,0.0001085572533493586,0.0010137855483288963,0.001457834573166132,3.223795257408165e-12,0.9666666666666667
auto,all,EAS,mtag_alone,30,0.0016800368610617683,0.000166409124314267,0.0013396919872928836,0.0020203817348306533,5.313466883260504e-11,0.9333333333333333
auto,all,EAS,mt_alone,30,0.0349871282585853,0.0009842316834609817,0.032974148444844725,0.03700010807232587,1.8195774899733257e-25,1.0
auto,all,EAS,stacking_on_mt,30,0.008709743182203378,0.0002731572723507745,0.008151073831827458,0.009268412532579299,3.946228759393964e-24,1.0
