phi,trait,pop,contrast,rg,n_seeds,mean,se,ci_lo,ci_hi,p
auto,all,EUR,mt_ridge_vs_prsxtra,0.0,30,0.009724903973542592,0.0005095754268529173,0.00868270520564058,0.010767102741444604,5.823923768363936e-18
auto,all,EUR,mt_ridge_vs_prsxtra,0.2,30,0.009685688647282436,0.0005182842424367592,0.008625678351600483,0.010745698942964389,1.0239827677594573e-17
auto,all,EUR,mt_ridge_vs_prsxtra,0.4,30,0.00933663632060063,0.0005075549106558943,0.008298569972317179,0.010374702668884081,1.5635819692538517e-17
auto,all,EUR,mt_ridge_vs_prsxtra,0.6,30,0.009285766046800974,0.0004874697095469054,0.008288778547193823,0.010282753546408124,6.1226335042882354e-18
auto,all,EUR,mt_ridge_vs_prsxtra,0.8,30,0.008974074646245148,0.00048795187931450384,0.007976100998736765,0.009972048293753531,1.572743078054283e-17
auto,all,EUR,mt_vs_prsxtra,0.0,30,0.006840983732973873,0.0005535790250847324,0.005708787501607655,0.00797317996434009,4.423648158472146e-13
auto,all,EUR,mt_vs_prsxtra,0.2,30,0.006844594978813882,0.0005544606276321518,0.005710595667785102,0.007978594289842662,4.5405035855398116e-13
auto,all,EUR,mt_vs_prsxtra,0.4,30,0.006362808943141671,0.0005533747528550926,0.005231030495394577,0.0074945873908887645,2.539145052374448e-12
auto,all,EUR,mt_vs_prsxtra,0.6,30,0.0062939266930379136,0.0005264976747726687,0.005217118042078908,0.007370735343996919,9.939587519965755e-13
auto,all,EUR,mt_vs_prsxtra,0.8,30,0.005826398780485951,0.000525841848418061,0.004750931445027481,0.006901866115944421,6.1290372636344325e-12
auto,all,EUR,mtag_in_stack,0.0,30,-0.00015423242101433014,7.430839230783245e-05,-0.0003062101476215348,-2.254694407125479e-06,0.04690743592806579
auto,all,EUR,mtag_in_stack,0.2,30,-0.0001738594143773856,6.759716018124922e-05,-0.0003121111301040689,-3.560769865070226e-05,0.015500231282990998
auto,all,EUR,mtag_in_stack,0.4,30,-6.34871094939545e-05,7.140670824352263e-05,-0.0002095302258407286,8.255600685281962e-05,0.38126977342077195
auto,all,EUR,mtag_in_stack,0.6,30,4.451751451694926e-05,7.639849526694343e-05,-0.00011173495261733846,0.00020076998165123697,0.5645980757333866
auto,all,EUR,mtag_in_stack,0.8,30,0.00035323345729043013,8.964867303592355e-05,0.00016988133381949652,0.0005365855807613637,0.00047049057978505043
auto,all,EUR,mtag_alone,0.0,30,-1.125777872707622e-05,4.67322741100706e-05,-0.0001068360109812633,8.432045352711085e-05,0.8113280967383887
auto,all,EUR,mtag_alone,0.2,30,-4.0591580408215025e-05,3.693099972501018e-05,-0.00011612395575940055,3.49407949429705e-05,0.28075726835853004
auto,all,EUR,mtag_alone,0.4,30,6.15326644311187e-05,4.74417367745552e-05,-3.5496581894458725e-05,0.00015856191075669612,0.20485057483549615
auto,all,EUR,mtag_alone,0.6,30,0.0001413390701363807,6.080682698388602e-05,1.697514514490233e-05,0.00026570299512785906,0.02731209243816327
auto,all,EUR,mtag_alone,0.8,30,0.0004401094592645105,7.437474634237216e-05,0.0002879960234189901,0.0005922228951100309,1.9980614135971723e-06
auto,all,EUR,mt_alone,0.0,30,0.011199838854856014,0.000545326823936622,0.010084520269890753,0.012315157439821275,7.988005677357937e-19
auto,all,EUR,mt_alone,0.2,30,0.011188639454751464,0.0005670635390343996,0.010028864295745635,0.012348414613757294,2.369561440817119e-18
auto,all,EUR,mt_alone,0.4,30,0.010817759173746385,0.0005531876659704159,0.009686363361641486,0.011949154985851284,3.0171337697961135e-18
auto,all,EUR,mt_alone,0.6,30,0.010854294688350604,0.0005261877656810029,0.00977811987265224,0.011930469504048968,7.089133816168313e-19
auto,all,EUR,mt_alone,0.8,30,0.010693257087622832,0.0005242441362638789,0.009621057440421691,0.011765456734823973,9.625023719201244e-19
auto,all,EUR,stacking_on_mt,0.0,30,0.002883920240568717,0.00020522972738820923,0.0024641783186675377,0.0033036621624698967,1.786595528117602e-14
auto,all,EUR,stacking_on_mt,0.2,30,0.002841093668468556,0.0002083148194820949,0.0024150420247682526,0.0032671453121688593,3.806184688003259e-14
auto,all,EUR,stacking_on_mt,0.4,30,0.00297382737745896,0.0002180141461126486,0.002527938383425121,0.003419716371492799,3.791695111553699e-14
auto,all,EUR,stacking_on_mt,0.6,30,0.0029918393537630597,0.00023432172793865993,0.0025125976099871577,0.0034710810975389617,1.9779154200869534e-13
auto,all,EUR,stacking_on_mt,0.8,30,0.003147675865759197,0.0002399053519271754,0.00265701432869146,0.003638337402826934,1.0052865080016397e-13
auto,all,EAS,mt_ridge_vs_prsxtra,0.0,30,0.014365975311223304,0.0007239108960369083,0.012885411288385773,0.015846539334060834,2.027152321276199e-18
auto,all,EAS,mt_ridge_vs_prsxtra,0.2,30,0.014557868042973461,0.0006338049617106747,0.013261591347952007,0.015854144737994916,3.737033419756902e-20
auto,all,EAS,mt_ridge_vs_prsxtra,0.4,30,0.01385608494466504,0.0007065048993889919,0.012411120182122691,0.015301049707207389,2.789499231276364e-18
auto,all,EAS,mt_ridge_vs_prsxtra,0.6,30,0.013357567362096503,0.0007072952173503599,0.011910986217832854,0.014804148506360151,7.720756411795124e-18
auto,all,EAS,mt_ridge_vs_prsxtra,0.8,30,0.012666883032906863,0.0006622669995528876,0.011312394934415012,0.014021371131398714,5.487370778695723e-18
auto,all,EAS,mt_vs_prsxtra,0.0,30,0.006475926670289298,0.0008704374012344991,0.004695682295663544,0.008256171044915052,3.371627216486289e-08
auto,all,EAS,mt_vs_prsxtra,0.2,30,0.006483644668226779,0.0007522420224695288,0.004945136985814244,0.008022152350639314,1.7149277995245892e-09
auto,all,EAS,mt_vs_prsxtra,0.4,30,0.005361814448723607,0.000820071081321295,0.0036845807645494765,0.007039048132897738,3.680183805226553e-07
auto,all,EAS,mt_vs_prsxtra,0.6,30,0.004308170007147885,0.0008398013215044698,0.0025905834509047272,0.006025756563391042,1.7673782738722652e-05
auto,all,EAS,mt_vs_prsxtra,0.8,30,0.0026261069884607217,0.0007965309608894703,0.0009970182563731325,0.004255195720548311,0.002587330203666004
auto,all,EAS,mtag_in_stack,0.0,30,5.532892872985269e-05,9.3235357107548e-05,-0.00013535878732133245,0.00024601664478103786,0.5574920070844402
auto,all,EAS,mtag_in_stack,0.2,30,5.6846045373306624e-05,0.0001127335100709139,-0.0001737198710853921,0.0002874119618320053,0.6178944971875797
auto,all,EAS,mtag_in_stack,0.4,30,0.0007724045922586554,0.00011725908786548967,0.0005325828299467128,0.001012226354570598,3.2253557209667526e-07
auto,all,EAS,mtag_in_stack,0.6,30,0.0018186318613192531,0.00014329880791396317,0.0015255528916913353,0.002111710830947171,2.296722914176198e-13
auto,all,EAS,mtag_in_stack,0.8,30,0.0034758388760565023,0.00018001868748265985,0.003107659320279143,0.0038440184318338615,4.2530247100983865e-18
auto,all,EAS,mtag_alone,0.0,30,-0.00030824375555216964,0.0001306098256177506,-0.0005753708424593765,-4.111666864496281e-05,0.025215316346371336
auto,all,EAS,mtag_alone,0.2,30,-0.0002620753830503694,0.00016784999720325682,-0.0006053671727623616,8.121640666162278e-05,0.12928518405142578
auto,all,EAS,mtag_alone,0.4,30,0.000837081090278992,0.00021068977583603378,0.00040617211544484124,0.0012679900651131428,0.00043041827140088886
auto,all,EAS,mtag_alone,0.6,30,0.0026025482656579254,0.00021506512290546905,0.0021626907013027473,0.0030424058300131036,7.386346215283479e-13
auto,all,EAS,mtag_alone,0.8,30,0.005530874087974462,0.00023234013944862188,0.005055685147716894,0.006006063028232029,1.393757797531276e-20
auto,all,EAS,mt_alone,0.0,30,0.03533339104108358,0.001024851892200621,0.03323733357235908,0.03742944850980808,4.331765695536412e-25
auto,all,EAS,mt_alone,0.2,30,0.035301096052964144,0.0009629075729498712,0.03333172894213301,0.03727046316379528,7.581717487727917e-26
auto,all,EAS,mt_alone,0.4,30,0.03485502337074298,0.0010254480259655457,0.032757746671571775,0.03695230006991418,6.478633719262691e-25
auto,all,EAS,mt_alone,0.6,30,0.034793832620800526,0.0009982722107370915,0.03275213670448368,0.03683552853711737,3.1816285137445414e-25
auto,all,EAS,mt_alone,0.8,30,0.03465229820733525,0.0009960826887239818,0.03261508036634172,0.036689516048328784,3.3558040354000197e-25
auto,all,EAS,stacking_on_mt,0.0,30,0.00789004864093401,0.00028989045674401517,0.007297156085829761,0.008482941196038258,3.366765477792426e-22
auto,all,EAS,stacking_on_mt,0.2,30,0.008074223374746682,0.00029057342214904735,0.007479933998551511,0.008668512750941854,1.886108016965363e-22
auto,all,EAS,stacking_on_mt,0.4,30,0.008494270495941432,0.0002896144853348606,0.007901942365743568,0.009086598626139296,4.147961176803942e-23
auto,all,EAS,stacking_on_mt,0.6,30,0.00904939735494862,0.0002810937384982983,0.008474496108754002,0.009624298601143237,3.008161663033269e-24
auto,all,EAS,stacking_on_mt,0.8,30,0.010040776044446142,0.0002902633721491944,0.009447120791701215,0.01063443129719107,3.9405557437513468e-25
