phi,trait,scenario,rg,frac_shared_causal,realized_rg,pop,contrast,n_seeds,mean,se,ci_lo,ci_hi,p,win_rate
auto,all,rgfrac_rg0.0_f0.00,0.0,0.0,0.0,EUR,mt_ridge_vs_prsxtra,30,0.008074632399147493,0.0008245624400139733,0.006388212855041646,0.00976105194325334,1.0594191434870351e-10,0.9666666666666667
auto,all,rgfrac_rg0.0_f0.00,0.0,0.0,0.0,EUR,mt_vs_prsxtra,30,0.005283261487520315,0.0008410441308475781,0.0035631331007691127,0.007003389874271517,7.374135653421357e-07,0.8666666666666667
auto,all,rgfrac_rg0.0_f0.00,0.0,0.0,0.0,EUR,mtag_in_stack,30,-0.000168442921787193,0.00013636462965770413,-0.0004473399045015778,0.0001104540609271918,0.22665567246167778,0.36666666666666664
auto,all,rgfrac_rg0.0_f0.00,0.0,0.0,0.0,EUR,mtag_alone,30,4.914353129370127e-05,0.00010984335856348698,-0.0001755113616317534,0.0002737984242191559,0.6579128372554011,0.4666666666666667
auto,all,rgfrac_rg0.0_f0.00,0.0,0.0,0.0,EUR,mt_alone,30,0.009778452516076083,0.0008650539264141525,0.008009218583730576,0.01154768644842159,3.814590794580849e-12,1.0
auto,all,rgfrac_rg0.0_f0.00,0.0,0.0,0.0,EUR,stacking_on_mt,30,0.002791370911627178,0.00039650325712632726,0.0019804306969502484,0.0036023111263041073,9.625461092713394e-08,0.9666666666666667
auto,all,rgfrac_rg0.0_f0.00,0.0,0.0,0.0,EAS,mt_ridge_vs_prsxtra,30,0.010445718021815016,0.0012590438083161298,0.007870684304303223,0.01302075173932681,3.805110634260146e-09,0.9666666666666667
auto,all,rgfrac_rg0.0_f0.00,0.0,0.0,0.0,EAS,mt_vs_prsxtra,30,0.0018070442314277902,0.0015032193689817183,-0.0012673845806416373,0.004881473043497218,0.23904297485562714,0.6666666666666666
auto,all,rgfrac_rg0.0_f0.00,0.0,0.0,0.0,EAS,mtag_in_stack,30,-0.00010137171990777238,0.00022345957375691138,-0.0005583978639737466,0.00035565442415820184,0.6534597265821726,0.43333333333333335
auto,all,rgfrac_rg0.0_f0.00,0.0,0.0,0.0,EAS,mtag_alone,30,-0.0003086168464273046,0.00027317577197215803,-0.0008673240327772462,0.00025009033992263703,0.2678451032185543,0.36666666666666664
auto,all,rgfrac_rg0.0_f0.00,0.0,0.0,0.0,EAS,mt_alone,30,0.03198293872157814,0.001722900803622713,0.028459210927554712,0.03550666651560157,1.2252683159013605e-17,1.0
auto,all,rgfrac_rg0.0_f0.00,0.0,0.0,0.0,EAS,stacking_on_mt,30,0.008638673790387226,0.0005878964168140597,0.007436290612215508,0.009841056968558944,5.707216343524831e-15,1.0
auto,all,rgfrac_rg0.0_f0.25,0.0,0.25,0.0,EUR,mt_ridge_vs_prsxtra,30,0.008058173179355954,0.0005095588367872311,0.007016008341948049,0.009100338016763859,8.527940846852193e-16,1.0
auto,all,rgfrac_rg0.0_f0.25,0.0,0.25,0.0,EUR,mt_vs_prsxtra,30,0.0052916147279560176,0.0006719122045201536,0.003917399970360668,0.006665829485551367,1.0991459510630235e-08,0.9
auto,all,rgfrac_rg0.0_f0.25,0.0,0.25,0.0,EUR,mtag_in_stack,30,-0.00046190100715178445,0.00016654175184515542,-0.0008025171346782051,-0.0001212848796253638,0.009595460754087926,0.3
auto,all,rgfrac_rg0.0_f0.25,0.0,0.25,0.0,EUR,mtag_alone,30,-0.0001860234577495808,0.00010549454812809157,-0.00040178403466454877,2.9737119165387115e-05,0.088377527058551,0.3
auto,all,rgfrac_rg0.0_f0.25,0.0,0.25,0.0,EUR,mt_alone,30,0.00951759086626747,0.0005496551190253686,0.008393419923886808,0.010641761808648132,7.841638173894389e-17,1.0
auto,all,rgfrac_rg0.0_f0.25,0.0,0.25,0.0,EUR,stacking_on_mt,30,0.0027665584513999362,0.00033615985347493514,0.002079034354578013,0.0034540825482218596,4.494003056247827e-09,0.9333333333333333
auto,all,rgfrac_rg0.0_f0.25,0.0,0.25,0.0,EAS,mt_ridge_vs_prsxtra,30,0.012860283956046659,0.001112467823086215,0.010585031788351892,0.015135536123741425,2.232279196725004e-12,1.0
auto,all,rgfrac_rg0.0_f0.25,0.0,0.25,0.0,EAS,mt_vs_prsxtra,30,0.005619134274623927,0.0013538799178596061,0.0028501389347292717,0.008388129614518583,0.00026555419766716956,0.8
auto,all,rgfrac_rg0.0_f0.25,0.0,0.25,0.0,EAS,mtag_in_stack,30,-7.862457977514392e-06,0.00020880863816592996,-0.00043492407428783635,0.00041919915833280757,0.9702216514458706,0.4666666666666667
auto,all,rgfrac_rg0.0_f0.25,0.0,0.25,0.0,EAS,mtag_alone,30,-0.0004986583136725472,0.00031858380144134276,-0.0011502353478837007,0.00015291872053860636,0.12837615682215292,0.3333333333333333
auto,all,rgfrac_rg0.0_f0.25,0.0,0.25,0.0,EAS,mt_alone,30,0.03371709629935058,0.0014940802097844188,0.03066135916657564,0.03677283343212552,6.07347593538571e-20,1.0
auto,all,rgfrac_rg0.0_f0.25,0.0,0.25,0.0,EAS,stacking_on_mt,30,0.007241149681422731,0.00048431714888751403,0.006250609892324789,0.008231689470520673,3.653147589598202e-15,1.0
auto,all,rgfrac_rg0.0_f0.50,0.0,0.5,0.0,EUR,mt_ridge_vs_prsxtra,30,0.010474459250782909,0.000784535965133096,0.008869903039573511,0.012079015461992306,6.500975177480123e-14,1.0
auto,all,rgfrac_rg0.0_f0.50,0.0,0.5,0.0,EUR,mt_vs_prsxtra,30,0.007321406466816453,0.0008888321159314081,0.0055035406764340055,0.0091392722571989,4.413622533733076e-09,0.9
auto,all,rgfrac_rg0.0_f0.50,0.0,0.5,0.0,EUR,mtag_in_stack,30,0.0002513465037468336,0.0001660310824961977,-8.822518768977013e-05,0.0005909181951834373,0.14088700829043,0.6333333333333333
auto,all,rgfrac_rg0.0_f0.50,0.0,0.5,0.0,EUR,mtag_alone,30,0.00013387229388244585,0.0001200907928045703,-0.00011174095530867804,0.0003794855430735698,0.2741071377348486,0.6333333333333333
auto,all,rgfrac_rg0.0_f0.50,0.0,0.5,0.0,EUR,mt_alone,30,0.012053010299987617,0.0008528495689686722,0.01030873708125279,0.013797283518722446,1.5451627055061905e-14,1.0
auto,all,rgfrac_rg0.0_f0.50,0.0,0.5,0.0,EUR,stacking_on_mt,30,0.0031530527839664555,0.00037536671220864283,0.002385341657487444,0.003920763910445467,2.9429980944473343e-09,1.0
auto,all,rgfrac_rg0.0_f0.50,0.0,0.5,0.0,EAS,mt_ridge_vs_prsxtra,30,0.014609367826904163,0.0011957808634296652,0.012163721359522775,0.01705501429428555,5.850069661669861e-13,0.9666666666666667
auto,all,rgfrac_rg0.0_f0.50,0.0,0.5,0.0,EAS,mt_vs_prsxtra,30,0.007045275196953115,0.001383952285342687,0.004214774959672955,0.009875775434233276,1.971365836381311e-05,0.8666666666666667
auto,all,rgfrac_rg0.0_f0.50,0.0,0.5,0.0,EAS,mtag_in_stack,30,5.4624231212530015e-05,0.00018985773638126432,-0.0003336784390226483,0.0004429269014477083,0.7756137928221175,0.5
auto,all,rgfrac_rg0.0_f0.50,0.0,0.5,0.0,EAS,mtag_alone,30,-9.500111442875362e-05,0.00026816081649019965,-0.000643451565173018,0.0004534493363155108,0.7257002468668715,0.43333333333333335
auto,all,rgfrac_rg0.0_f0.50,0.0,0.5,0.0,EAS,mt_alone,30,0.03548392482879457,0.0014513694482678084,0.03251554101151146,0.038452308646077675,6.6631645093441185e-21,1.0
auto,all,rgfrac_rg0.0_f0.50,0.0,0.5,0.0,EAS,stacking_on_mt,30,0.007564092629951047,0.0005114817776477253,0.006517994936895191,0.008610190323006903,4.841524344133466e-15,1.0
auto,all,rgfrac_rg0.0_f0.75,0.0,0.75,0.0,EUR,mt_ridge_vs_prsxtra,30,0.010185191351090413,0.0007571344010809937,0.008636677630921174,0.011733705071259653,5.379269245582464e-14,1.0
auto,all,rgfrac_rg0.0_f0.75,0.0,0.75,0.0,EUR,mt_vs_prsxtra,30,0.0074140106969331964,0.0008579004549236927,0.005659407256524129,0.009168614137342263,1.621240167827704e-09,0.9333333333333333
auto,all,rgfrac_rg0.0_f0.75,0.0,0.75,0.0,EUR,mtag_in_stack,30,-4.1629755328187465e-05,0.00013577827271418324,-0.000319327503440813,0.00023606799278443806,0.7613377199495206,0.4666666666666667
auto,all,rgfrac_rg0.0_f0.75,0.0,0.75,0.0,EUR,mtag_alone,30,1.2787934841522001e-05,0.0001264492203466244,-0.00024582975883596394,0.00027140562851900795,0.9201424563812481,0.4
auto,all,rgfrac_rg0.0_f0.75,0.0,0.75,0.0,EUR,mt_alone,30,0.011647495262871272,0.000728578572764891,0.010157384769229779,0.013137605756512766,6.42330075296761e-16,1.0
auto,all,rgfrac_rg0.0_f0.75,0.0,0.75,0.0,EUR,stacking_on_mt,30,0.0027711806541572165,0.00029098000588232174,0.002176059720858744,0.003366301587455689,1.9738481512673535e-10,1.0
auto,all,rgfrac_rg0.0_f0.75,0.0,0.75,0.0,EAS,mt_ridge_vs_prsxtra,30,0.01679613208827865,0.0010911726617917846,0.014564433415697249,0.01902783076086005,1.7213412695279214e-15,1.0
auto,all,rgfrac_rg0.0_f0.75,0.0,0.75,0.0,EAS,mt_vs_prsxtra,30,0.009218515307093389,0.0013234505255471814,0.006511755062348189,0.011925275551838588,1.1725204299255923e-07,0.9333333333333333
auto,all,rgfrac_rg0.0_f0.75,0.0,0.75,0.0,EAS,mtag_in_stack,30,8.268328734262568e-05,0.00019417779391104004,-0.0003144548926081685,0.00047982146729341985,0.6733883652252788,0.6
auto,all,rgfrac_rg0.0_f0.75,0.0,0.75,0.0,EAS,mtag_alone,30,-7.987012604901608e-05,0.0002651933623930004,-0.0006222514517120205,0.0004625111996139884,0.765428532632306,0.43333333333333335
auto,all,rgfrac_rg0.0_f0.75,0.0,0.75,0.0,EAS,mt_alone,30,0.03846455462860369,0.0016348555976484524,0.0351208994996865,0.04180820975752088,1.9262599382764408e-20,1.0
auto,all,rgfrac_rg0.0_f0.75,0.0,0.75,0.0,EAS,stacking_on_mt,30,0.007577616781185263,0.0005387954448932542,0.006475656366243502,0.008679577196127023,1.7487730311853097e-14,1.0
auto,all,rgfrac_rg0.0_f1.00,0.0,1.0,0.0,EUR,mt_ridge_vs_prsxtra,30,0.011832063687336188,0.0008407424827827539,0.010112552240148657,0.01355157513452372,1.719470562157567e-14,1.0
auto,all,rgfrac_rg0.0_f1.00,0.0,1.0,0.0,EUR,mt_vs_prsxtra,30,0.008894625285643387,0.0009121679969658559,0.007029032259644005,0.010760218311642769,1.1655609383615146e-10,0.9666666666666667
auto,all,rgfrac_rg0.0_f1.00,0.0,1.0,0.0,EUR,mtag_in_stack,30,-0.00035053492455131935,0.00011766572171335902,-0.0005911883464624188,-0.00010988150264021988,0.005793557368162689,0.26666666666666666
auto,all,rgfrac_rg0.0_f1.00,0.0,1.0,0.0,EUR,mtag_alone,30,-6.606919590346945e-05,9.860418913620155e-05,-0.0002677374063632883,0.0001355990145563494,0.5081302080719602,0.5
auto,all,rgfrac_rg0.0_f1.00,0.0,1.0,0.0,EUR,mt_alone,30,0.013002645329077614,0.000835537845634317,0.01129377856006261,0.014711512098092619,1.2957521607902162e-15,1.0
auto,all,rgfrac_rg0.0_f1.00,0.0,1.0,0.0,EUR,stacking_on_mt,30,0.0029374384016928007,0.00031301995417103,0.0022972407128431897,0.0035776360905424116,2.7352191251339965e-10,1.0
auto,all,rgfrac_rg0.0_f1.00,0.0,1.0,0.0,EAS,mt_ridge_vs_prsxtra,30,0.01711837466307204,0.0011784908547590085,0.01470809023393661,0.01952865909220747,7.671673327787881e-15,1.0
auto,all,rgfrac_rg0.0_f1.00,0.0,1.0,0.0,EAS,mt_vs_prsxtra,30,0.008689664341348265,0.0014721642525806268,0.005678750373882232,0.011700578308814298,2.0811195018445026e-06,0.8333333333333334
auto,all,rgfrac_rg0.0_f1.00,0.0,1.0,0.0,EAS,mtag_in_stack,30,0.00024857130297939456,0.00018456329292646087,-0.00012890301456342423,0.0006260456205222134,0.18847374547675982,0.7
auto,all,rgfrac_rg0.0_f1.00,0.0,1.0,0.0,EAS,mtag_alone,30,-0.0005590723771832266,0.0004129478244243408,-0.0014036455083500992,0.0002855007539836462,0.18623963814651723,0.4
auto,all,rgfrac_rg0.0_f1.00,0.0,1.0,0.0,EAS,mt_alone,30,0.03701844072709093,0.0014409650191888087,0.034071336356569656,0.0399655450976122,1.6846778151064307e-21,1.0
auto,all,rgfrac_rg0.0_f1.00,0.0,1.0,0.0,EAS,stacking_on_mt,30,0.008428710321723775,0.0006206887829359669,0.0071592592243238645,0.009698161419123686,4.244417912364734e-14,1.0
auto,all,rgfrac_rg0.2_f0.00,0.2,0.0,0.0,EUR,mt_ridge_vs_prsxtra,30,0.008074632399147493,0.0008245624400139733,0.006388212855041646,0.00976105194325334,1.0594191434870351e-10,0.9666666666666667
auto,all,rgfrac_rg0.2_f0.00,0.2,0.0,0.0,EUR,mt_vs_prsxtra,30,0.005283261487520315,0.0008410441308475781,0.0035631331007691127,0.007003389874271517,7.374135653421357e-07,0.8666666666666667
auto,all,rgfrac_rg0.2_f0.00,0.2,0.0,0.0,EUR,mtag_in_stack,30,-0.000168442921787193,0.00013636462965770413,-0.0004473399045015778,0.0001104540609271918,0.22665567246167778,0.36666666666666664
auto,all,rgfrac_rg0.2_f0.00,0.2,0.0,0.0,EUR,mtag_alone,30,4.914353129370127e-05,0.00010984335856348698,-0.0001755113616317534,0.0002737984242191559,0.6579128372554011,0.4666666666666667
auto,all,rgfrac_rg0.2_f0.00,0.2,0.0,0.0,EUR,mt_alone,30,0.009778452516076083,0.0008650539264141525,0.008009218583730576,0.01154768644842159,3.814590794580849e-12,1.0
auto,all,rgfrac_rg0.2_f0.00,0.2,0.0,0.0,EUR,stacking_on_mt,30,0.002791370911627178,0.00039650325712632726,0.0019804306969502484,0.0036023111263041073,9.625461092713394e-08,0.9666666666666667
auto,all,rgfrac_rg0.2_f0.00,0.2,0.0,0.0,EAS,mt_ridge_vs_prsxtra,30,0.010445718021815016,0.0012590438083161298,0.007870684304303223,0.01302075173932681,3.805110634260146e-09,0.9666666666666667
auto,all,rgfrac_rg0.2_f0.00,0.2,0.0,0.0,EAS,mt_vs_prsxtra,30,0.0018070442314277902,0.0015032193689817183,-0.0012673845806416373,0.004881473043497218,0.23904297485562714,0.6666666666666666
auto,all,rgfrac_rg0.2_f0.00,0.2,0.0,0.0,EAS,mtag_in_stack,30,-0.00010137171990777238,0.00022345957375691138,-0.0005583978639737466,0.00035565442415820184,0.6534597265821726,0.43333333333333335
auto,all,rgfrac_rg0.2_f0.00,0.2,0.0,0.0,EAS,mtag_alone,30,-0.0003086168464273046,0.00027317577197215803,-0.0008673240327772462,0.00025009033992263703,0.2678451032185543,0.36666666666666664
auto,all,rgfrac_rg0.2_f0.00,0.2,0.0,0.0,EAS,mt_alone,30,0.03198293872157814,0.001722900803622713,0.028459210927554712,0.03550666651560157,1.2252683159013605e-17,1.0
auto,all,rgfrac_rg0.2_f0.00,0.2,0.0,0.0,EAS,stacking_on_mt,30,0.008638673790387226,0.0005878964168140597,0.007436290612215508,0.009841056968558944,5.707216343524831e-15,1.0
auto,all,rgfrac_rg0.2_f0.25,0.2,0.25,0.05,EUR,mt_ridge_vs_prsxtra,30,0.008200462876567106,0.0005838004449949666,0.007006456901373137,0.009394468851761074,1.804348034275259e-14,1.0
auto,all,rgfrac_rg0.2_f0.25,0.2,0.25,0.05,EUR,mt_vs_prsxtra,30,0.005501812884244036,0.000727689636413908,0.004013520469577541,0.00699010529891053,2.465037332222778e-08,0.8666666666666667
auto,all,rgfrac_rg0.2_f0.25,0.2,0.25,0.05,EUR,mtag_in_stack,30,-0.00037076095006165856,0.00016953256166186707,-0.0007174939704791993,-2.4027929644117796e-05,0.03695836031699948,0.36666666666666664
auto,all,rgfrac_rg0.2_f0.25,0.2,0.25,0.05,EUR,mtag_alone,30,-7.346631930088554e-05,0.00011266964661440116,-0.00030390162032527533,0.00015696898172350425,0.5195035430527898,0.4666666666666667
auto,all,rgfrac_rg0.2_f0.25,0.2,0.25,0.05,EUR,mt_alone,30,0.009854834811450925,0.0006797559645731439,0.008464577763289424,0.011245091859612427,8.061124083285694e-15,1.0
auto,all,rgfrac_rg0.2_f0.25,0.2,0.25,0.05,EUR,stacking_on_mt,30,0.002698649992323069,0.0003807417868030461,0.0019199456039549092,0.003477354380691229,8.480535119653099e-08,0.9333333333333333
auto,all,rgfrac_rg0.2_f0.25,0.2,0.25,0.05,EAS,mt_ridge_vs_prsxtra,30,0.012622723544513584,0.0012499180315628572,0.010066354136125069,0.0151790929529021,5.277393554068616e-11,0.9666666666666667
auto,all,rgfrac_rg0.2_f0.25,0.2,0.25,0.05,EAS,mt_vs_prsxtra,30,0.005301754523800916,0.001448162096674872,0.0023399304770684234,0.00826357857053341,0.0009957041680965294,0.7
auto,all,rgfrac_rg0.2_f0.25,0.2,0.25,0.05,EAS,mtag_in_stack,30,-0.0002280564570765679,0.00024560123561847956,-0.0007303673843079005,0.00027425447015476466,0.3607799704417281,0.36666666666666664
auto,all,rgfrac_rg0.2_f0.25,0.2,0.25,0.05,EAS,mtag_alone,30,-0.0004949946011745846,0.00036815208398223177,-0.0012479501561479733,0.00025796095379880405,0.18919743715182685,0.36666666666666664
auto,all,rgfrac_rg0.2_f0.25,0.2,0.25,0.05,EAS,mt_alone,30,0.03307410255714938,0.0015254441675416567,0.029954218928274743,0.03619398618602403,1.8208736229535723e-19,1.0
auto,all,rgfrac_rg0.2_f0.25,0.2,0.25,0.05,EAS,stacking_on_mt,30,0.007320969020712668,0.0004903513617606526,0.006318087880579645,0.008323850160845692,3.78927183894892e-15,1.0
auto,all,rgfrac_rg0.2_f0.50,0.2,0.5,0.1,EUR,mt_ridge_vs_prsxtra,30,0.010279707527900783,0.000754977293043826,0.008735605589030441,0.011823809466771125,3.968280171089878e-14,1.0
auto,all,rgfrac_rg0.2_f0.50,0.2,0.5,0.1,EUR,mt_vs_prsxtra,30,0.0071836025948841305,0.000866859242157115,0.005410676377267708,0.008956528812500553,3.897431350130871e-09,0.9333333333333333
auto,all,rgfrac_rg0.2_f0.50,0.2,0.5,0.1,EUR,mtag_in_stack,30,2.5526900975617974e-05,0.00017700496544094315,-0.00033648890114887364,0.00038754270310010954,0.8863276703005774,0.4
auto,all,rgfrac_rg0.2_f0.50,0.2,0.5,0.1,EUR,mtag_alone,30,-7.049926997087693e-05,0.00012564374379075725,-0.0003274695791202604,0.00018647103917850653,0.5790366087716635,0.4
auto,all,rgfrac_rg0.2_f0.50,0.2,0.5,0.1,EUR,mt_alone,30,0.01167217980288641,0.0008092567334388658,0.010017063943561758,0.013327295662211061,9.19302353545981e-15,1.0
auto,all,rgfrac_rg0.2_f0.50,0.2,0.5,0.1,EUR,stacking_on_mt,30,0.0030961049330166523,0.0003864782053311483,0.0023056682514351386,0.003886541614598166,7.791276168685636e-09,0.9666666666666667
auto,all,rgfrac_rg0.2_f0.50,0.2,0.5,0.1,EAS,mt_ridge_vs_prsxtra,30,0.015082634724902488,0.000994527906127535,0.013048596771362282,0.017116672678442694,2.5296084807468465e-15,1.0
auto,all,rgfrac_rg0.2_f0.50,0.2,0.5,0.1,EAS,mt_vs_prsxtra,30,0.007517390858717432,0.0011676651091954051,0.00512924756530687,0.009905534152127995,4.825851897880026e-07,0.8666666666666667
auto,all,rgfrac_rg0.2_f0.50,0.2,0.5,0.1,EAS,mtag_in_stack,30,-6.0697906198026176e-05,0.00019948820440878826,-0.00046869709511070774,0.00034730128271465534,0.7630963042361714,0.4666666666666667
auto,all,rgfrac_rg0.2_f0.50,0.2,0.5,0.1,EAS,mtag_alone,30,-0.00018270673221247867,0.0002861417710963527,-0.0007679323643110898,0.0004025188998861325,0.528147265591271,0.43333333333333335
auto,all,rgfrac_rg0.2_f0.50,0.2,0.5,0.1,EAS,mt_alone,30,0.035809712093421174,0.0012622028753394533,0.03322821735839179,0.038391206828450555,1.0538510393034226e-22,1.0
auto,all,rgfrac_rg0.2_f0.50,0.2,0.5,0.1,EAS,stacking_on_mt,30,0.007565243866185056,0.0005091346652931982,0.006523946556890095,0.008606541175480018,4.2844156910755774e-15,1.0
auto,all,rgfrac_rg0.2_f0.75,0.2,0.75,0.15000000000000002,EUR,mt_ridge_vs_prsxtra,30,0.010353354535381842,0.0006992716597520074,0.008923183408953702,0.011783525661809981,4.6979181816487634e-15,1.0
auto,all,rgfrac_rg0.2_f0.75,0.2,0.75,0.15000000000000002,EUR,mt_vs_prsxtra,30,0.007639303220133035,0.0007634217242606637,0.006077930480227067,0.009200675960039003,6.500877079895709e-11,0.9666666666666667
auto,all,rgfrac_rg0.2_f0.75,0.2,0.75,0.15000000000000002,EUR,mtag_in_stack,30,-0.00018590898615771973,0.00012787460152158137,-0.00044744191166556555,7.562393935012612e-05,0.15672876121258392,0.36666666666666664
auto,all,rgfrac_rg0.2_f0.75,0.2,0.75,0.15000000000000002,EUR,mtag_alone,30,-9.548936716850347e-05,0.00010209722390803738,-0.0003043016358846812,0.00011332290154767427,0.35736800447529504,0.43333333333333335
auto,all,rgfrac_rg0.2_f0.75,0.2,0.75,0.15000000000000002,EUR,mt_alone,30,0.011762780660686586,0.0006990335153690732,0.01033309659420953,0.013192464727163641,1.6716744696107917e-16,1.0
auto,all,rgfrac_rg0.2_f0.75,0.2,0.75,0.15000000000000002,EUR,stacking_on_mt,30,0.0027140513152488074,0.00030523071756368065,0.0020897844039981326,0.003338318226499482,8.835506109931498e-10,1.0
auto,all,rgfrac_rg0.2_f0.75,0.2,0.75,0.15000000000000002,EAS,mt_ridge_vs_prsxtra,30,0.016268831272978193,0.0008236043920382128,0.014584371156990957,0.01795329138896543,2.2980126229363004e-18,1.0
auto,all,rgfrac_rg0.2_f0.75,0.2,0.75,0.15000000000000002,EAS,mt_vs_prsxtra,30,0.008410057064823584,0.0010388653472743928,0.006285338862393512,0.010534775267253656,6.297493773342138e-09,0.9333333333333333
auto,all,rgfrac_rg0.2_f0.75,0.2,0.75,0.15000000000000002,EAS,mtag_in_stack,30,0.00028156371840468706,0.0002786435114279662,-0.0002883262507557319,0.000851453687565106,0.3206225598755477,0.5666666666666667
auto,all,rgfrac_rg0.2_f0.75,0.2,0.75,0.15000000000000002,EAS,mtag_alone,30,0.00016056297476289746,0.0003219169377674273,-0.0004978310886636335,0.0008189570381894283,0.6217027802640221,0.4666666666666667
auto,all,rgfrac_rg0.2_f0.75,0.2,0.75,0.15000000000000002,EAS,mt_alone,30,0.03768303066354669,0.0013189522019060322,0.03498547052365227,0.040380590803441106,8.65811588365806e-23,1.0
auto,all,rgfrac_rg0.2_f0.75,0.2,0.75,0.15000000000000002,EAS,stacking_on_mt,30,0.00785877420815461,0.0005385870955138784,0.006757239915539469,0.008960308500769752,6.832926142793925e-15,1.0
auto,all,rgfrac_rg0.2_f1.00,0.2,1.0,0.2,EUR,mt_ridge_vs_prsxtra,30,0.011520285897414958,0.0008961188298994934,0.00968751710363124,0.013353054691198676,1.6693555040132494e-13,1.0
auto,all,rgfrac_rg0.2_f1.00,0.2,1.0,0.2,EUR,mt_vs_prsxtra,30,0.008614994707287885,0.0009347432583589017,0.006703230087508552,0.010526759327067219,4.0638369124994347e-10,0.9333333333333333
auto,all,rgfrac_rg0.2_f1.00,0.2,1.0,0.2,EUR,mtag_in_stack,30,-0.0001697111148559749,0.0001073973147100008,-0.0003893632863863231,4.9941056674373326e-05,0.1249039438954403,0.36666666666666664
auto,all,rgfrac_rg0.2_f1.00,0.2,1.0,0.2,EUR,mtag_alone,30,-1.2646476894510409e-05,9.702644469777263e-05,-0.0002110878376611444,0.0001857948838721236,0.8971969614188865,0.5333333333333333
auto,all,rgfrac_rg0.2_f1.00,0.2,1.0,0.2,EUR,mt_alone,30,0.012874949482657305,0.0008488170514748013,0.011138923688233361,0.014610975277081249,2.5189079644225524e-15,1.0
auto,all,rgfrac_rg0.2_f1.00,0.2,1.0,0.2,EUR,stacking_on_mt,30,0.002905291190127072,0.00030105469367617475,0.002289565206717379,0.0035210171735367652,1.4704762594658808e-10,0.9666666666666667
auto,all,rgfrac_rg0.2_f1.00,0.2,1.0,0.2,EAS,mt_ridge_vs_prsxtra,30,0.018369432650658015,0.001235472412826605,0.01584260784990783,0.0208962574514082,4.2157863357079534e-15,1.0
auto,all,rgfrac_rg0.2_f1.00,0.2,1.0,0.2,EAS,mt_vs_prsxtra,30,0.00938197666236417,0.0016038467822028597,0.006101741681963729,0.012662211642764612,2.40772388493967e-06,0.8666666666666667
auto,all,rgfrac_rg0.2_f1.00,0.2,1.0,0.2,EAS,mtag_in_stack,30,0.00039279259164421245,0.0002298449384272033,-7.729308952126972e-05,0.0008628782728096946,0.09814385160151845,0.6333333333333333
auto,all,rgfrac_rg0.2_f1.00,0.2,1.0,0.2,EAS,mtag_alone,30,-0.0004846217102003762,0.0004414939884534646,-0.0013875783022087953,0.0004183348818080429,0.2813725719778726,0.36666666666666664
auto,all,rgfrac_rg0.2_f1.00,0.2,1.0,0.2,EAS,mt_alone,30,0.03795569622912531,0.0015206034300704562,0.03484571302001655,0.041065679438234075,3.749191198035909e-21,1.0
auto,all,rgfrac_rg0.2_f1.00,0.2,1.0,0.2,EAS,stacking_on_mt,30,0.008987455988293846,0.0006618281718883337,0.007633865393149328,0.010341046583438363,4.243360739022283e-14,1.0
auto,all,rgfrac_rg0.4_f0.00,0.4,0.0,0.0,EUR,mt_ridge_vs_prsxtra,30,0.008074632399147493,0.0008245624400139733,0.006388212855041646,0.00976105194325334,1.0594191434870351e-10,0.9666666666666667
auto,all,rgfrac_rg0.4_f0.00,0.4,0.0,0.0,EUR,mt_vs_prsxtra,30,0.005283261487520315,0.0008410441308475781,0.0035631331007691127,0.007003389874271517,7.374135653421357e-07,0.8666666666666667
auto,all,rgfrac_rg0.4_f0.00,0.4,0.0,0.0,EUR,mtag_in_stack,30,-0.000168442921787193,0.00013636462965770413,-0.0004473399045015778,0.0001104540609271918,0.22665567246167778,0.36666666666666664
auto,all,rgfrac_rg0.4_f0.00,0.4,0.0,0.0,EUR,mtag_alone,30,4.914353129370127e-05,0.00010984335856348698,-0.0001755113616317534,0.0002737984242191559,0.6579128372554011,0.4666666666666667
auto,all,rgfrac_rg0.4_f0.00,0.4,0.0,0.0,EUR,mt_alone,30,0.009778452516076083,0.0008650539264141525,0.008009218583730576,0.01154768644842159,3.814590794580849e-12,1.0
auto,all,rgfrac_rg0.4_f0.00,0.4,0.0,0.0,EUR,stacking_on_mt,30,0.002791370911627178,0.00039650325712632726,0.0019804306969502484,0.0036023111263041073,9.625461092713394e-08,0.9666666666666667
auto,all,rgfrac_rg0.4_f0.00,0.4,0.0,0.0,EAS,mt_ridge_vs_prsxtra,30,0.010445718021815016,0.0012590438083161298,0.007870684304303223,0.01302075173932681,3.805110634260146e-09,0.9666666666666667
auto,all,rgfrac_rg0.4_f0.00,0.4,0.0,0.0,EAS,mt_vs_prsxtra,30,0.0018070442314277902,0.0015032193689817183,-0.0012673845806416373,0.004881473043497218,0.23904297485562714,0.6666666666666666
auto,all,rgfrac_rg0.4_f0.00,0.4,0.0,0.0,EAS,mtag_in_stack,30,-0.00010137171990777238,0.00022345957375691138,-0.0005583978639737466,0.00035565442415820184,0.6534597265821726,0.43333333333333335
auto,all,rgfrac_rg0.4_f0.00,0.4,0.0,0.0,EAS,mtag_alone,30,-0.0003086168464273046,0.00027317577197215803,-0.0008673240327772462,0.00025009033992263703,0.2678451032185543,0.36666666666666664
auto,all,rgfrac_rg0.4_f0.00,0.4,0.0,0.0,EAS,mt_alone,30,0.03198293872157814,0.001722900803622713,0.028459210927554712,0.03550666651560157,1.2252683159013605e-17,1.0
auto,all,rgfrac_rg0.4_f0.00,0.4,0.0,0.0,EAS,stacking_on_mt,30,0.008638673790387226,0.0005878964168140597,0.007436290612215508,0.009841056968558944,5.707216343524831e-15,1.0
auto,all,rgfrac_rg0.4_f0.25,0.4,0.25,0.1,EUR,mt_ridge_vs_prsxtra,30,0.007902857561384969,0.0006098055009875101,0.00665566527482973,0.009150049847940208,1.3668995587866774e-13,0.9666666666666667
auto,all,rgfrac_rg0.4_f0.25,0.4,0.25,0.1,EUR,mt_vs_prsxtra,30,0.004981053628721433,0.0007745006173204497,0.0033970220083275717,0.0065650852491152935,4.913655358680962e-07,0.8666666666666667
auto,all,rgfrac_rg0.4_f0.25,0.4,0.25,0.1,EUR,mtag_in_stack,30,-0.000327317201249148,0.00016441276717324833,-0.0006635790662169382,8.9446637186421e-06,0.0559971560930894,0.3
auto,all,rgfrac_rg0.4_f0.25,0.4,0.25,0.1,EUR,mtag_alone,30,-8.482936541885182e-05,0.00011399994276782335,-0.0003179854275690358,0.00014832669673133214,0.46279256315538975,0.3333333333333333
auto,all,rgfrac_rg0.4_f0.25,0.4,0.25,0.1,EUR,mt_alone,30,0.009349359866063656,0.0006647067283256856,0.007989881961966915,0.010708837770160398,1.74437068007672e-14,1.0
auto,all,rgfrac_rg0.4_f0.25,0.4,0.25,0.1,EUR,stacking_on_mt,30,0.002921803932663536,0.0003889834917826972,0.002126243364969281,0.003717364500357791,2.8003405016472583e-08,0.9333333333333333
auto,all,rgfrac_rg0.4_f0.25,0.4,0.25,0.1,EAS,mt_ridge_vs_prsxtra,30,0.012061550611248872,0.001137000243498522,0.009736124010133594,0.01438697721236415,1.7002647089053223e-11,1.0
auto,all,rgfrac_rg0.4_f0.25,0.4,0.25,0.1,EAS,mt_vs_prsxtra,30,0.004804684861760204,0.001315780920902746,0.0021136107197772423,0.007495759003743166,0.0010210222470900664,0.7
auto,all,rgfrac_rg0.4_f0.25,0.4,0.25,0.1,EAS,mtag_in_stack,30,4.805257894137845e-05,0.0002111984335589117,-0.000383896717745302,0.00048000187562805886,0.8216132713418122,0.5333333333333333
auto,all,rgfrac_rg0.4_f0.25,0.4,0.25,0.1,EAS,mtag_alone,30,-0.00015154999317094816,0.0003226818673075707,-0.0008115085131671234,0.000508408526825227,0.6421120562330102,0.5333333333333333
auto,all,rgfrac_rg0.4_f0.25,0.4,0.25,0.1,EAS,mt_alone,30,0.032695531400673335,0.001519288440263431,0.029588237647697004,0.035802825153649666,2.23365677867383e-19,1.0
auto,all,rgfrac_rg0.4_f0.25,0.4,0.25,0.1,EAS,stacking_on_mt,30,0.0072568657494886685,0.0004376555044640402,0.006361759738716272,0.008151971760261065,2.464412618049882e-16,1.0
auto,all,rgfrac_rg0.4_f0.50,0.4,0.5,0.2,EUR,mt_ridge_vs_prsxtra,30,0.009382741819114833,0.0008283990661483526,0.007688475493513173,0.011077008144716493,3.6382331913746244e-12,0.9666666666666667
auto,all,rgfrac_rg0.4_f0.50,0.4,0.5,0.2,EUR,mt_vs_prsxtra,30,0.006173447117850313,0.0009130012145753742,0.004306149970497598,0.008040744265203029,2.0185645323066693e-07,0.8666666666666667
auto,all,rgfrac_rg0.4_f0.50,0.4,0.5,0.2,EUR,mtag_in_stack,30,1.484067004577927e-05,0.00016212527270872905,-0.0003167427434369615,0.0003464240835285201,0.9276942781855524,0.5333333333333333
auto,all,rgfrac_rg0.4_f0.50,0.4,0.5,0.2,EUR,mtag_alone,30,-1.5345633685718654e-05,0.00011004030144355917,-0.00024040332002730396,0.00020971205265586662,0.8900548746187952,0.5666666666666667
auto,all,rgfrac_rg0.4_f0.50,0.4,0.5,0.2,EUR,mt_alone,30,0.01062316704958967,0.0008608278074401552,0.008862576501040963,0.012383757598138378,4.576345123222226e-13,1.0
auto,all,rgfrac_rg0.4_f0.50,0.4,0.5,0.2,EUR,stacking_on_mt,30,0.00320929470126452,0.0003916437719715848,0.002408293249671574,0.004010296152857466,4.911172733883643e-09,0.9666666666666667
auto,all,rgfrac_rg0.4_f0.50,0.4,0.5,0.2,EAS,mt_ridge_vs_prsxtra,30,0.014341739921154744,0.0013033201386885072,0.011676150940320503,0.017007328901988986,7.212292881167693e-12,0.9666666666666667
auto,all,rgfrac_rg0.4_f0.50,0.4,0.5,0.2,EAS,mt_vs_prsxtra,30,0.006209029251756459,0.0014393044817483844,0.003265321061630215,0.009152737441882703,0.00016960160849350186,0.8
auto,all,rgfrac_rg0.4_f0.50,0.4,0.5,0.2,EAS,mtag_in_stack,30,0.0005577885258474061,0.00021003952760137969,0.00012820945797751437,0.0009873675937172978,0.012726483376112915,0.6666666666666666
auto,all,rgfrac_rg0.4_f0.50,0.4,0.5,0.2,EAS,mtag_alone,30,0.0008642551323699769,0.0003044486688242856,0.00024158769038270557,0.0014869225743572483,0.008188154340515542,0.7
auto,all,rgfrac_rg0.4_f0.50,0.4,0.5,0.2,EAS,mt_alone,30,0.035188493707258746,0.0015601234556788654,0.031997682970317826,0.038379304444199666,6.164306239096301e-20,1.0
auto,all,rgfrac_rg0.4_f0.50,0.4,0.5,0.2,EAS,stacking_on_mt,30,0.008132710669398283,0.0005499666533837716,0.007007902567713271,0.009257518771083294,4.84947341902041e-15,1.0
auto,all,rgfrac_rg0.4_f0.75,0.4,0.75,0.30000000000000004,EUR,mt_ridge_vs_prsxtra,30,0.009639972406723648,0.0007192005456635529,0.008169042132094535,0.011110902681352761,5.890572807872813e-14,1.0
auto,all,rgfrac_rg0.4_f0.75,0.4,0.75,0.30000000000000004,EUR,mt_vs_prsxtra,30,0.006902274406374061,0.0007895496150286558,0.00528746412978299,0.008517084682965132,1.2702022154251248e-09,0.9333333333333333
auto,all,rgfrac_rg0.4_f0.75,0.4,0.75,0.30000000000000004,EUR,mtag_in_stack,30,-3.170896238695968e-05,0.00012174146768673755,-0.00028069822077661597,0.0002172802960026966,0.7963483901376016,0.43333333333333335
auto,all,rgfrac_rg0.4_f0.75,0.4,0.75,0.30000000000000004,EUR,mtag_alone,30,-1.0665732965771853e-05,0.00012353339419664437,-0.000263319892570013,0.00024198842663846926,0.9317904203623063,0.43333333333333335
auto,all,rgfrac_rg0.4_f0.75,0.4,0.75,0.30000000000000004,EUR,mt_alone,30,0.011203248931739811,0.0007227710802232019,0.009725016093991045,0.012681481769488577,1.4364214500190594e-15,1.0
auto,all,rgfrac_rg0.4_f0.75,0.4,0.75,0.30000000000000004,EUR,stacking_on_mt,30,0.0027376980003495865,0.00028206432240664197,0.0021608116871754466,0.0033145843135237263,1.29332816448683e-10,1.0
auto,all,rgfrac_rg0.4_f0.75,0.4,0.75,0.30000000000000004,EAS,mt_ridge_vs_prsxtra,30,0.014602941506271123,0.0010592367480454787,0.012436559111132261,0.016769323901409987,2.899195151092311e-14,1.0
auto,all,rgfrac_rg0.4_f0.75,0.4,0.75,0.30000000000000004,EAS,mt_vs_prsxtra,30,0.006046308823346891,0.0012680040723817257,0.003452949308166804,0.008639668338526977,4.82763686068425e-05,0.7666666666666667
auto,all,rgfrac_rg0.4_f0.75,0.4,0.75,0.30000000000000004,EAS,mtag_in_stack,30,0.0016369861611414368,0.00031418487819093535,0.0009944059351554833,0.0022795663871273903,1.4139522470276283e-05,0.8333333333333334
auto,all,rgfrac_rg0.4_f0.75,0.4,0.75,0.30000000000000004,EAS,mtag_alone,30,0.0022065159243569183,0.00039570518410962625,0.0013972079522703322,0.0030158238964435044,5.123718388960411e-06,0.8
auto,all,rgfrac_rg0.4_f0.75,0.4,0.75,0.30000000000000004,EAS,mt_alone,30,0.036617017195557364,0.0014059866674156517,0.0337414515869155,0.039492582804199226,1.1515012428026335e-21,1.0
auto,all,rgfrac_rg0.4_f0.75,0.4,0.75,0.30000000000000004,EAS,stacking_on_mt,30,0.008556632682924233,0.0005604552918794946,0.007410372906882155,0.00970289245896631,2.1279980846505407e-15,1.0
auto,all,rgfrac_rg0.4_f1.00,0.4,1.0,0.4,EUR,mt_ridge_vs_prsxtra,30,0.011682977416632209,0.0008147121564429417,0.010016703964469248,0.01334925086879517,1.0659698429444339e-14,1.0
auto,all,rgfrac_rg0.4_f1.00,0.4,1.0,0.4,EUR,mt_vs_prsxtra,30,0.00847400807524223,0.0009011431273366264,0.0066309634394091975,0.010317052711075265,2.6132425044337775e-10,1.0
auto,all,rgfrac_rg0.4_f1.00,0.4,1.0,0.4,EUR,mtag_in_stack,30,0.00019519286790774896,0.00011091415837888844,-3.1652056540954984e-05,0.0004220377923564529,0.0889786032361166,0.6333333333333333
auto,all,rgfrac_rg0.4_f1.00,0.4,1.0,0.4,EUR,mtag_alone,30,0.0003693605229322346,0.00012597366633412124,0.00011171544641755529,0.0006270055994469139,0.006510544288980082,0.6666666666666666
auto,all,rgfrac_rg0.4_f1.00,0.4,1.0,0.4,EUR,mt_alone,30,0.01313456750526271,0.0008199278150181826,0.011457626833578424,0.014811508176946996,6.090404969493698e-16,1.0
auto,all,rgfrac_rg0.4_f1.00,0.4,1.0,0.4,EUR,stacking_on_mt,30,0.003208969341389978,0.00032958774670577626,0.002534886712143599,0.0038830519706363567,1.2058705859232172e-10,0.9666666666666667
auto,all,rgfrac_rg0.4_f1.00,0.4,1.0,0.4,EAS,mt_ridge_vs_prsxtra,30,0.017828474662835447,0.0012379022098586703,0.015296680369170916,0.020360268956499977,9.544675200604446e-15,1.0
auto,all,rgfrac_rg0.4_f1.00,0.4,1.0,0.4,EAS,mt_vs_prsxtra,30,0.0079420050753267,0.0016564780031466182,0.004554127161750448,0.011329882988902952,4.489647689425586e-05,0.8666666666666667
auto,all,rgfrac_rg0.4_f1.00,0.4,1.0,0.4,EAS,mtag_in_stack,30,0.0017205674152708276,0.0003039216607243602,0.0010989778258711676,0.0023421570046704876,4.049549122836683e-06,0.8666666666666667
auto,all,rgfrac_rg0.4_f1.00,0.4,1.0,0.4,EAS,mtag_alone,30,0.0015748012342663173,0.0005439450230027007,0.000462308749530639,0.0026872937190019954,0.007131018482621727,0.7
auto,all,rgfrac_rg0.4_f1.00,0.4,1.0,0.4,EAS,mt_alone,30,0.03779113582864727,0.0015521343263146569,0.03461666469589686,0.040965606961397685,7.470344742981323e-21,1.0
auto,all,rgfrac_rg0.4_f1.00,0.4,1.0,0.4,EAS,stacking_on_mt,30,0.009886469587508747,0.0006807691777668238,0.008494140285689731,0.011278798889327762,7.714748634558563e-15,1.0
auto,all,rgfrac_rg0.6_f0.00,0.6,0.0,0.0,EUR,mt_ridge_vs_prsxtra,30,0.008074632399147493,0.0008245624400139733,0.006388212855041646,0.00976105194325334,1.0594191434870351e-10,0.9666666666666667
auto,all,rgfrac_rg0.6_f0.00,0.6,0.0,0.0,EUR,mt_vs_prsxtra,30,0.005283261487520315,0.0008410441308475781,0.0035631331007691127,0.007003389874271517,7.374135653421357e-07,0.8666666666666667
auto,all,rgfrac_rg0.6_f0.00,0.6,0.0,0.0,EUR,mtag_in_stack,30,-0.000168442921787193,0.00013636462965770413,-0.0004473399045015778,0.0001104540609271918,0.22665567246167778,0.36666666666666664
auto,all,rgfrac_rg0.6_f0.00,0.6,0.0,0.0,EUR,mtag_alone,30,4.914353129370127e-05,0.00010984335856348698,-0.0001755113616317534,0.0002737984242191559,0.6579128372554011,0.4666666666666667
auto,all,rgfrac_rg0.6_f0.00,0.6,0.0,0.0,EUR,mt_alone,30,0.009778452516076083,0.0008650539264141525,0.008009218583730576,0.01154768644842159,3.814590794580849e-12,1.0
auto,all,rgfrac_rg0.6_f0.00,0.6,0.0,0.0,EUR,stacking_on_mt,30,0.002791370911627178,0.00039650325712632726,0.0019804306969502484,0.0036023111263041073,9.625461092713394e-08,0.9666666666666667
auto,all,rgfrac_rg0.6_f0.00,0.6,0.0,0.0,EAS,mt_ridge_vs_prsxtra,30,0.010445718021815016,0.0012590438083161298,0.007870684304303223,0.01302075173932681,3.805110634260146e-09,0.9666666666666667
auto,all,rgfrac_rg0.6_f0.00,0.6,0.0,0.0,EAS,mt_vs_prsxtra,30,0.0018070442314277902,0.0015032193689817183,-0.0012673845806416373,0.004881473043497218,0.23904297485562714,0.6666666666666666
auto,all,rgfrac_rg0.6_f0.00,0.6,0.0,0.0,EAS,mtag_in_stack,30,-0.00010137171990777238,0.00022345957375691138,-0.0005583978639737466,0.00035565442415820184,0.6534597265821726,0.43333333333333335
auto,all,rgfrac_rg0.6_f0.00,0.6,0.0,0.0,EAS,mtag_alone,30,-0.0003086168464273046,0.00027317577197215803,-0.0008673240327772462,0.00025009033992263703,0.2678451032185543,0.36666666666666664
auto,all,rgfrac_rg0.6_f0.00,0.6,0.0,0.0,EAS,mt_alone,30,0.03198293872157814,0.001722900803622713,0.028459210927554712,0.03550666651560157,1.2252683159013605e-17,1.0
auto,all,rgfrac_rg0.6_f0.00,0.6,0.0,0.0,EAS,stacking_on_mt,30,0.008638673790387226,0.0005878964168140597,0.007436290612215508,0.009841056968558944,5.707216343524831e-15,1.0
auto,all,rgfrac_rg0.6_f0.25,0.6,0.25,0.15,EUR,mt_ridge_vs_prsxtra,30,0.007823631848123206,0.000599995408072588,0.006596503454389642,0.00905076024185677,1.17312438239711e-13,1.0
auto,all,rgfrac_rg0.6_f0.25,0.6,0.25,0.15,EUR,mt_vs_prsxtra,30,0.005043634141793063,0.0007119765397148034,0.0035874786182652756,0.006499789665320851,8.568003546115203e-08,0.9333333333333333
auto,all,rgfrac_rg0.6_f0.25,0.6,0.25,0.15,EUR,mtag_in_stack,30,-0.0003118828645400066,0.00020106208674827838,-0.0007231010042666425,9.933527518662927e-05,0.13170525547929351,0.36666666666666664
auto,all,rgfrac_rg0.6_f0.25,0.6,0.25,0.15,EUR,mtag_alone,30,-0.00017234260709541777,0.00010645477783845126,-0.00039006707427726985,4.53818600864343e-05,0.11628879577637702,0.26666666666666666
auto,all,rgfrac_rg0.6_f0.25,0.6,0.25,0.15,EUR,mt_alone,30,0.009369838218859146,0.0005874644401136601,0.008168338532239796,0.010571337905478496,6.824000499804329e-16,1.0
auto,all,rgfrac_rg0.6_f0.25,0.6,0.25,0.15,EUR,stacking_on_mt,30,0.0027799977063301434,0.0003714166134125922,0.002020365438998167,0.00353962997366212,2.999766277455064e-08,0.9
auto,all,rgfrac_rg0.6_f0.25,0.6,0.25,0.15,EAS,mt_ridge_vs_prsxtra,30,0.013330630726493483,0.0013268968475984944,0.010616821961732602,0.016044439491254364,5.940283861825697e-11,1.0
auto,all,rgfrac_rg0.6_f0.25,0.6,0.25,0.15,EAS,mt_vs_prsxtra,30,0.006042318533665821,0.0015823969931745767,0.0028059532976035164,0.009278683769728126,0.0006534423080964565,0.7666666666666667
auto,all,rgfrac_rg0.6_f0.25,0.6,0.25,0.15,EAS,mtag_in_stack,30,0.00020604465483643476,0.00026996251701279255,-0.0003460906872228827,0.0007581799968957522,0.45148831296858866,0.6333333333333333
auto,all,rgfrac_rg0.6_f0.25,0.6,0.25,0.15,EAS,mtag_alone,30,8.104642521592857e-05,0.00038333209047350505,-0.0007029557290011791,0.0008650485794330362,0.8340335637117405,0.5333333333333333
auto,all,rgfrac_rg0.6_f0.25,0.6,0.25,0.15,EAS,mt_alone,30,0.033962587407469706,0.0016758852168792585,0.030535017285096253,0.03739015752984316,1.1481293362053545e-18,1.0
auto,all,rgfrac_rg0.6_f0.25,0.6,0.25,0.15,EAS,stacking_on_mt,30,0.007288312192827662,0.0005105194875625716,0.006244182603978293,0.008332441781677032,1.194296802578665e-14,1.0
auto,all,rgfrac_rg0.6_f0.50,0.6,0.5,0.3,EUR,mt_ridge_vs_prsxtra,30,0.00966695102282784,0.0007402003711619109,0.00815307128260987,0.01118083076304581,1.128257915577447e-13,1.0
auto,all,rgfrac_rg0.6_f0.50,0.6,0.5,0.3,EUR,mt_vs_prsxtra,30,0.006462839133740206,0.0008521609247858275,0.004719974350501015,0.008205703916979397,2.3204128894756853e-08,0.9666666666666667
auto,all,rgfrac_rg0.6_f0.50,0.6,0.5,0.3,EUR,mtag_in_stack,30,0.00014749993366101796,0.00013599132425337282,-0.00013063355377486012,0.00042563342109689604,0.2870216091711329,0.6
auto,all,rgfrac_rg0.6_f0.50,0.6,0.5,0.3,EUR,mtag_alone,30,7.016670134148232e-05,0.00012768009504078446,-0.00019096841374625077,0.0003313018164292154,0.5868350219338444,0.6
auto,all,rgfrac_rg0.6_f0.50,0.6,0.5,0.3,EUR,mt_alone,30,0.011058963466583138,0.0007794524667755878,0.00946480417690025,0.012653122756266027,1.3984954085123442e-14,1.0
auto,all,rgfrac_rg0.6_f0.50,0.6,0.5,0.3,EUR,stacking_on_mt,30,0.003204111889087635,0.0003977911425147415,0.0023905376530386512,0.004017686125136618,6.977240459509084e-09,0.9666666666666667
auto,all,rgfrac_rg0.6_f0.50,0.6,0.5,0.3,EAS,mt_ridge_vs_prsxtra,30,0.01346678697688815,0.0011513878569649988,0.011111934402231686,0.015821639551544614,1.685137235608257e-12,1.0
auto,all,rgfrac_rg0.6_f0.50,0.6,0.5,0.3,EAS,mt_vs_prsxtra,30,0.004987016954187547,0.001231514435564205,0.0024682871258573102,0.007505746782517784,0.0003496908658008201,0.8
auto,all,rgfrac_rg0.6_f0.50,0.6,0.5,0.3,EAS,mtag_in_stack,30,0.0012811007305977692,0.0002019574343242348,0.0008680513994687757,0.0016941500617267628,6.236435242983237e-07,0.9333333333333333
auto,all,rgfrac_rg0.6_f0.50,0.6,0.5,0.3,EAS,mtag_alone,30,0.0021784289912312625,0.00030784291540108627,0.0015488195355324108,0.002808038446930114,8.740809429264862e-08,0.9
auto,all,rgfrac_rg0.6_f0.50,0.6,0.5,0.3,EAS,mt_alone,30,0.03475466356742197,0.0013578819520140522,0.03197748314864581,0.037531843986198125,1.868093001364374e-21,1.0
auto,all,rgfrac_rg0.6_f0.50,0.6,0.5,0.3,EAS,stacking_on_mt,30,0.008479770022700601,0.0005051681354190266,0.0074465851778807,0.009512954867520502,1.7832964834073016e-16,1.0
auto,all,rgfrac_rg0.6_f0.75,0.6,0.75,0.44999999999999996,EUR,mt_ridge_vs_prsxtra,30,0.009788180321103068,0.0006208149147826646,0.008518471255111475,0.011057889387094661,9.22158642770918e-16,1.0
auto,all,rgfrac_rg0.6_f0.75,0.6,0.75,0.44999999999999996,EUR,mt_vs_prsxtra,30,0.006853349996185979,0.0007073586885297859,0.0054066390387847475,0.00830006095358721,1.345970494831518e-10,0.9666666666666667
auto,all,rgfrac_rg0.6_f0.75,0.6,0.75,0.44999999999999996,EUR,mtag_in_stack,30,3.165869281209396e-05,0.0001662867581645498,-0.00030843591408019557,0.00037175329970438344,0.8503330610870998,0.5
auto,all,rgfrac_rg0.6_f0.75,0.6,0.75,0.44999999999999996,EUR,mtag_alone,30,0.00011484398624656,0.00016529593493834127,-0.00022322415961337428,0.0004529121321064943,0.49272387689727926,0.5333333333333333
auto,all,rgfrac_rg0.6_f0.75,0.6,0.75,0.44999999999999996,EUR,mt_alone,30,0.011316621273228715,0.000641175443339075,0.010005270250704062,0.012627972295753367,4.7186255886639406e-17,1.0
auto,all,rgfrac_rg0.6_f0.75,0.6,0.75,0.44999999999999996,EUR,stacking_on_mt,30,0.0029348303249170887,0.00028993142695654455,0.0023418539763197313,0.003527806673514446,5.003297676790987e-11,1.0
auto,all,rgfrac_rg0.6_f0.75,0.6,0.75,0.44999999999999996,EAS,mt_ridge_vs_prsxtra,30,0.014185436338999834,0.0010933029374849263,0.011949380763424906,0.016421491914574763,1.327603561589493e-13,1.0
auto,all,rgfrac_rg0.6_f0.75,0.6,0.75,0.44999999999999996,EAS,mt_vs_prsxtra,30,0.004732719960557793,0.001407834875532805,0.0018533743418898954,0.00761206557922569,0.002187964620163232,0.6666666666666666
auto,all,rgfrac_rg0.6_f0.75,0.6,0.75,0.44999999999999996,EAS,mtag_in_stack,30,0.0029517780139968752,0.0003714259126691855,0.0021921267275496646,0.003711429300444086,9.160549655482581e-09,0.9
auto,all,rgfrac_rg0.6_f0.75,0.6,0.75,0.44999999999999996,EAS,mtag_alone,30,0.004451638649934101,0.00039439503331324536,0.003645010237091937,0.005258267062776266,3.950426762067424e-12,1.0
auto,all,rgfrac_rg0.6_f0.75,0.6,0.75,0.44999999999999996,EAS,mt_alone,30,0.036482669391179084,0.0015014104716293264,0.03341194018959434,0.03955339859276383,7.898158428308877e-21,1.0
auto,all,rgfrac_rg0.6_f0.75,0.6,0.75,0.44999999999999996,EAS,stacking_on_mt,30,0.009452716378442043,0.0006108610911312775,0.008203365167634829,0.010702067589249258,1.500434444653356e-15,1.0
auto,all,rgfrac_rg0.6_f1.00,0.6,1.0,0.6,EUR,mt_ridge_vs_prsxtra,30,0.011075434642803254,0.0008392972517266585,0.009358879025011379,0.012791990260595128,8.709354173914943e-14,0.9666666666666667
auto,all,rgfrac_rg0.6_f1.00,0.6,1.0,0.6,EUR,mt_vs_prsxtra,30,0.007826548705950002,0.0009073937373402865,0.0059707201372560725,0.009682377274643933,1.6890315689335116e-09,0.9333333333333333
auto,all,rgfrac_rg0.6_f1.00,0.6,1.0,0.6,EUR,mtag_in_stack,30,0.0005237547324388341,0.00015229277765157781,0.00021228102930310224,0.0008352284355745659,0.0017882030178125537,0.7333333333333333
auto,all,rgfrac_rg0.6_f1.00,0.6,1.0,0.6,EUR,mtag_alone,30,0.0006448837388955778,0.000142058793626414,0.0003543408832452236,0.0009354265945459321,9.101687159843921e-05,0.8333333333333334
auto,all,rgfrac_rg0.6_f1.00,0.6,1.0,0.6,EUR,mt_alone,30,0.012747597967005923,0.0008122880835206232,0.01108628230063838,0.014408913633373465,1.0410635396382883e-15,0.9666666666666667
auto,all,rgfrac_rg0.6_f1.00,0.6,1.0,0.6,EUR,stacking_on_mt,30,0.003248885936853252,0.00038036436802199716,0.0024709534565635913,0.004026818417142913,2.074726029270879e-09,0.9666666666666667
auto,all,rgfrac_rg0.6_f1.00,0.6,1.0,0.6,EAS,mt_ridge_vs_prsxtra,30,0.015359264746286039,0.0012127866628575072,0.012878837513826664,0.017839691978745412,2.419618629198121e-13,1.0
auto,all,rgfrac_rg0.6_f1.00,0.6,1.0,0.6,EAS,mt_vs_prsxtra,30,0.003971750355900475,0.0016101642093570008,0.00067859478622237,0.007264905925578581,0.019787537721302796,0.6666666666666666
auto,all,rgfrac_rg0.6_f1.00,0.6,1.0,0.6,EAS,mtag_in_stack,30,0.004755607627072959,0.000399392425075774,0.003938758400464721,0.005572456853681197,1.0940866338611074e-12,1.0
auto,all,rgfrac_rg0.6_f1.00,0.6,1.0,0.6,EAS,mtag_alone,30,0.006610244108335643,0.0006080994359525663,0.005366541116561277,0.007853947100110009,9.614345788956752e-12,1.0
auto,all,rgfrac_rg0.6_f1.00,0.6,1.0,0.6,EAS,mt_alone,30,0.03678630401635378,0.001391779661866893,0.03393979499658618,0.03963281303612138,7.630248512962475e-22,1.0
auto,all,rgfrac_rg0.6_f1.00,0.6,1.0,0.6,EAS,stacking_on_mt,30,0.011387514390385564,0.0006452438945996547,0.0100678424507452,0.012707186330025927,4.728716547156204e-17,1.0
auto,all,rgfrac_rg0.8_f0.00,0.8,0.0,0.0,EUR,mt_ridge_vs_prsxtra,30,0.008074632399147493,0.0008245624400139733,0.006388212855041646,0.00976105194325334,1.0594191434870351e-10,0.9666666666666667
auto,all,rgfrac_rg0.8_f0.00,0.8,0.0,0.0,EUR,mt_vs_prsxtra,30,0.005283261487520315,0.0008410441308475781,0.0035631331007691127,0.007003389874271517,7.374135653421357e-07,0.8666666666666667
auto,all,rgfrac_rg0.8_f0.00,0.8,0.0,0.0,EUR,mtag_in_stack,30,-0.000168442921787193,0.00013636462965770413,-0.0004473399045015778,0.0001104540609271918,0.22665567246167778,0.36666666666666664
auto,all,rgfrac_rg0.8_f0.00,0.8,0.0,0.0,EUR,mtag_alone,30,4.914353129370127e-05,0.00010984335856348698,-0.0001755113616317534,0.0002737984242191559,0.6579128372554011,0.4666666666666667
auto,all,rgfrac_rg0.8_f0.00,0.8,0.0,0.0,EUR,mt_alone,30,0.009778452516076083,0.0008650539264141525,0.008009218583730576,0.01154768644842159,3.814590794580849e-12,1.0
auto,all,rgfrac_rg0.8_f0.00,0.8,0.0,0.0,EUR,stacking_on_mt,30,0.002791370911627178,0.00039650325712632726,0.0019804306969502484,0.0036023111263041073,9.625461092713394e-08,0.9666666666666667
auto,all,rgfrac_rg0.8_f0.00,0.8,0.0,0.0,EAS,mt_ridge_vs_prsxtra,30,0.010445718021815016,0.0012590438083161298,0.007870684304303223,0.01302075173932681,3.805110634260146e-09,0.9666666666666667
auto,all,rgfrac_rg0.8_f0.00,0.8,0.0,0.0,EAS,mt_vs_prsxtra,30,0.0018070442314277902,0.0015032193689817183,-0.0012673845806416373,0.004881473043497218,0.23904297485562714,0.6666666666666666
auto,all,rgfrac_rg0.8_f0.00,0.8,0.0,0.0,EAS,mtag_in_stack,30,-0.00010137171990777238,0.00022345957375691138,-0.0005583978639737466,0.00035565442415820184,0.6534597265821726,0.43333333333333335
auto,all,rgfrac_rg0.8_f0.00,0.8,0.0,0.0,EAS,mtag_alone,30,-0.0003086168464273046,0.00027317577197215803,-0.0008673240327772462,0.00025009033992263703,0.2678451032185543,0.36666666666666664
auto,all,rgfrac_rg0.8_f0.00,0.8,0.0,0.0,EAS,mt_alone,30,0.03198293872157814,0.001722900803622713,0.028459210927554712,0.03550666651560157,1.2252683159013605e-17,1.0
auto,all,rgfrac_rg0.8_f0.00,0.8,0.0,0.0,EAS,stacking_on_mt,30,0.008638673790387226,0.0005878964168140597,0.007436290612215508,0.009841056968558944,5.707216343524831e-15,1.0
auto,all,rgfrac_rg0.8_f0.25,0.8,0.25,0.2,EUR,mt_ridge_vs_prsxtra,30,0.007765074378845168,0.0006037427764902327,0.006530281756143845,0.00899986700154649,1.6507657570538822e-13,0.9666666666666667
auto,all,rgfrac_rg0.8_f0.25,0.8,0.25,0.2,EUR,mt_vs_prsxtra,30,0.005115549764791719,0.0007410545315154379,0.0035999230704995824,0.006631176459083856,1.3842133191589495e-07,0.8333333333333334
auto,all,rgfrac_rg0.8_f0.25,0.8,0.25,0.2,EUR,mtag_in_stack,30,-0.0002214014367721173,0.00017771474447288366,-0.0005848689000120979,0.00014206602646786332,0.2228001520099597,0.43333333333333335
auto,all,rgfrac_rg0.8_f0.25,0.8,0.25,0.2,EUR,mtag_alone,30,6.946335338142706e-06,0.00013499925226950283,-0.00026915813706919505,0.00028305080774548044,0.9593160546736658,0.5
auto,all,rgfrac_rg0.8_f0.25,0.8,0.25,0.2,EUR,mt_alone,30,0.009550298340845658,0.000643619038253741,0.008233949605568164,0.010866647076123151,4.440078024858785e-15,1.0
auto,all,rgfrac_rg0.8_f0.25,0.8,0.25,0.2,EUR,stacking_on_mt,30,0.002649524614053448,0.00034680813827670453,0.0019402223295170748,0.0033588268985898216,2.0100244602841587e-08,0.9
auto,all,rgfrac_rg0.8_f0.25,0.8,0.25,0.2,EAS,mt_ridge_vs_prsxtra,30,0.012734584434947679,0.0011787191803038937,0.010323833027639794,0.015145335842255563,1.1103703614127324e-11,1.0
auto,all,rgfrac_rg0.8_f0.25,0.8,0.25,0.2,EAS,mt_vs_prsxtra,30,0.005259052242217951,0.0014285904978969966,0.0023372566094498966,0.008180847874986005,0.0009433939299851618,0.7333333333333333
auto,all,rgfrac_rg0.8_f0.25,0.8,0.25,0.2,EAS,mtag_in_stack,30,0.00040753673538486136,0.00025198130735591917,-0.00010782290368281585,0.0009228963744525385,0.11663460042228024,0.6666666666666666
auto,all,rgfrac_rg0.8_f0.25,0.8,0.25,0.2,EAS,mtag_alone,30,0.0003346665337631394,0.00025112856737482533,-0.00017894905621817304,0.0008482821237444519,0.1930234868390741,0.5
auto,all,rgfrac_rg0.8_f0.25,0.8,0.25,0.2,EAS,mt_alone,30,0.033196132461764935,0.0015751486207470039,0.02997459181184872,0.03641767311168115,3.9543890114990582e-19,1.0
auto,all,rgfrac_rg0.8_f0.25,0.8,0.25,0.2,EAS,stacking_on_mt,30,0.007475532192729728,0.00051298065428216,0.006426368952751226,0.00852469543270823,7.061583680368166e-15,1.0
auto,all,rgfrac_rg0.8_f0.50,0.8,0.5,0.4,EUR,mt_ridge_vs_prsxtra,30,0.009303009288451063,0.0008064127974180635,0.0076537099313764845,0.01095230864552564,2.34565746218138e-12,1.0
auto,all,rgfrac_rg0.8_f0.50,0.8,0.5,0.4,EUR,mt_vs_prsxtra,30,0.005961791758617282,0.0009429773921433739,0.004033186444344659,0.007890397072889905,6.604674156958878e-07,0.8666666666666667
auto,all,rgfrac_rg0.8_f0.50,0.8,0.5,0.4,EUR,mtag_in_stack,30,0.00035787555801602234,0.00016850660837191043,1.3240847678544466e-05,0.0007025102683535002,0.04233907944182811,0.6666666666666666
auto,all,rgfrac_rg0.8_f0.50,0.8,0.5,0.4,EUR,mtag_alone,30,0.0002452682670726033,0.00011234038434473239,1.5506383002175937e-05,0.0004750301511430306,0.03725587563875095,0.6333333333333333
auto,all,rgfrac_rg0.8_f0.50,0.8,0.5,0.4,EUR,mt_alone,30,0.010761725626796718,0.0008381014507835507,0.009047615696539777,0.01247583555705366,1.718926122397743e-13,1.0
auto,all,rgfrac_rg0.8_f0.50,0.8,0.5,0.4,EUR,stacking_on_mt,30,0.0033412175298337806,0.0004275845549100228,0.0024667089236136835,0.004215726136053878,1.2850643830661472e-08,0.9666666666666667
auto,all,rgfrac_rg0.8_f0.50,0.8,0.5,0.4,EAS,mt_ridge_vs_prsxtra,30,0.012631806344844957,0.0012029342500534715,0.010171529559098924,0.01509208313059099,2.1529710291142013e-11,0.9666666666666667
auto,all,rgfrac_rg0.8_f0.50,0.8,0.5,0.4,EAS,mt_vs_prsxtra,30,0.0033907103025576533,0.0013694563163323763,0.0005898576507888174,0.006191562954326489,0.019369977570397243,0.7666666666666667
auto,all,rgfrac_rg0.8_f0.50,0.8,0.5,0.4,EAS,mtag_in_stack,30,0.00218915027204023,0.0002604405386744007,0.0016564895623303374,0.002721810981750123,2.9021510329782024e-09,0.9333333333333333
auto,all,rgfrac_rg0.8_f0.50,0.8,0.5,0.4,EAS,mtag_alone,30,0.003608112476390535,0.00038237472923458444,0.0028260683457574966,0.004390156607023573,2.421856347695788e-10,1.0
auto,all,rgfrac_rg0.8_f0.50,0.8,0.5,0.4,EAS,mt_alone,30,0.033817636762893656,0.0014325057483465442,0.030887833543849812,0.036747439981937496,1.7549084172663635e-20,1.0
auto,all,rgfrac_rg0.8_f0.50,0.8,0.5,0.4,EAS,stacking_on_mt,30,0.009241096042287305,0.000575915828411257,0.00806321591864719,0.01041897616592742,5.830455039652504e-16,1.0
auto,all,rgfrac_rg0.8_f0.75,0.8,0.75,0.6000000000000001,EUR,mt_ridge_vs_prsxtra,30,0.009169570328986291,0.0006608649141844313,0.007817949817050807,0.010521190840921776,2.464359993030776e-14,1.0
auto,all,rgfrac_rg0.8_f0.75,0.8,0.75,0.6000000000000001,EUR,mt_vs_prsxtra,30,0.005924258794037933,0.0007645550835351106,0.00436056807414868,0.007487949513927185,1.5195735882464363e-08,1.0
auto,all,rgfrac_rg0.8_f0.75,0.8,0.75,0.6000000000000001,EUR,mtag_in_stack,30,0.0005664531405606743,0.00016233920451852514,0.00023443218739914343,0.0008984740937222051,0.001567834076413438,0.7333333333333333
auto,all,rgfrac_rg0.8_f0.75,0.8,0.75,0.6000000000000001,EUR,mtag_alone,30,0.0005040223886456308,0.0001636139000770654,0.00016939439034307846,0.0008386503869481832,0.0044932472607712845,0.7666666666666667
auto,all,rgfrac_rg0.8_f0.75,0.8,0.75,0.6000000000000001,EUR,mt_alone,30,0.010940808479551792,0.0006552376951142975,0.009600696922861321,0.012280920036242263,2.0502472509629755e-16,1.0
auto,all,rgfrac_rg0.8_f0.75,0.8,0.75,0.6000000000000001,EUR,stacking_on_mt,30,0.0032453115349483585,0.0003616906929644514,0.0025055710084139443,0.003985052061482773,7.272781373419294e-10,1.0
auto,all,rgfrac_rg0.8_f0.75,0.8,0.75,0.6000000000000001,EAS,mt_ridge_vs_prsxtra,30,0.01321104082507767,0.0010674930331750045,0.011027772430858002,0.015394309219297337,4.2682998955301755e-13,1.0
auto,all,rgfrac_rg0.8_f0.75,0.8,0.75,0.6000000000000001,EAS,mt_vs_prsxtra,30,0.00257708225310358,0.0014042377135478983,-0.0002949063432452332,0.005449070849452392,0.07674935861510772,0.5333333333333333
auto,all,rgfrac_rg0.8_f0.75,0.8,0.75,0.6000000000000001,EAS,mtag_in_stack,30,0.005858515003372104,0.00048661643750367976,0.004863272641040562,0.006853757365703646,8.368707881219675e-13,1.0
auto,all,rgfrac_rg0.8_f0.75,0.8,0.75,0.6000000000000001,EAS,mtag_alone,30,0.009168932671948744,0.000562223353199437,0.008019056804486011,0.010318808539411478,3.811675903832733e-16,1.0
auto,all,rgfrac_rg0.8_f0.75,0.8,0.75,0.6000000000000001,EAS,mt_alone,30,0.0370560023097316,0.0014714426019497373,0.03404656428352713,0.04006544033593607,2.9304557943745826e-21,1.0
auto,all,rgfrac_rg0.8_f0.75,0.8,0.75,0.6000000000000001,EAS,stacking_on_mt,30,0.010633958571974089,0.0007100949171204643,0.00918165139875155,0.012086265745196627,3.5042713865312415e-15,1.0
auto,all,rgfrac_rg0.8_f1.00,0.8,1.0,0.8,EUR,mt_ridge_vs_prsxtra,30,0.010558086835795726,0.0007808106682407155,0.00896114971221637,0.01215502395937508,4.724194112185101e-14,1.0
auto,all,rgfrac_rg0.8_f1.00,0.8,1.0,0.8,EUR,mt_vs_prsxtra,30,0.006847132097462505,0.0008742988522656275,0.005058990168726242,0.008635274026198767,1.2292318399771942e-08,0.9
auto,all,rgfrac_rg0.8_f1.00,0.8,1.0,0.8,EUR,mtag_in_stack,30,0.0012316829464347645,0.00021117111884643808,0.0007997895146077015,0.0016635763782618276,2.523418739211661e-06,0.9333333333333333
auto,all,rgfrac_rg0.8_f1.00,0.8,1.0,0.8,EUR,mtag_alone,30,0.0013951667739724746,0.00022101164984964907,0.0009431471964433186,0.0018471863515016305,6.780546625911188e-07,0.9
auto,all,rgfrac_rg0.8_f1.00,0.8,1.0,0.8,EUR,mt_alone,30,0.012435000474843912,0.0007899481591112405,0.010819375084081442,0.014050625865606382,9.61296003335271e-16,1.0
auto,all,rgfrac_rg0.8_f1.00,0.8,1.0,0.8,EUR,stacking_on_mt,30,0.0037109547383332203,0.0004032783367678802,0.002886157929945577,0.004535751546720864,4.20563973605196e-10,0.9666666666666667
auto,all,rgfrac_rg0.8_f1.00,0.8,1.0,0.8,EAS,mt_ridge_vs_prsxtra,30,0.014311265537849002,0.001284290217344099,0.011684597116235798,0.016937933959462206,5.35744155836657e-12,0.9666666666666667
auto,all,rgfrac_rg0.8_f1.00,0.8,1.0,0.8,EAS,mt_vs_prsxtra,30,9.664591299663646e-05,0.0016563501507803019,-0.003290970513130209,0.003484262339123482,0.9538710715871582,0.5333333333333333
auto,all,rgfrac_rg0.8_f1.00,0.8,1.0,0.8,EAS,mtag_in_stack,30,0.009025364089393091,0.0004616988910630814,0.008081083831651079,0.009969644347135103,3.047114292334496e-18,1.0
auto,all,rgfrac_rg0.8_f1.00,0.8,1.0,0.8,EAS,mtag_alone,30,0.014851275604197193,0.0006632575095182863,0.013494761685363281,0.016207789523031105,7.528549938091793e-20,1.0
auto,all,rgfrac_rg0.8_f1.00,0.8,1.0,0.8,EAS,mt_alone,30,0.03720878078070798,0.0016568254761673991,0.033820192205009786,0.04059736935640618,6.93993452443061e-20,1.0
auto,all,rgfrac_rg0.8_f1.00,0.8,1.0,0.8,EAS,stacking_on_mt,30,0.014214619624852366,0.0007268405512183637,0.012728063784396495,0.015701175465308238,3.0112687405119718e-18,1.0
