phi,trait,pop,contrast,frac,n_seeds,mean,se,ci_lo,ci_hi,p
auto,all,EUR,mt_ridge_vs_prsxtra,0.0,30,0.008074632399147493,0.0008245624400139733,0.006388212855041646,0.00976105194325334,1.0594191434870351e-10
auto,all,EUR,mt_ridge_vs_prsxtra,0.25,30,0.007950039968855281,0.0005281162931131904,0.006869920871686941,0.009030159066023622,3.0637839894655072e-15
auto,all,EUR,mt_ridge_vs_prsxtra,0.5,30,0.009821373781815489,0.0007488296009441689,0.008289845285058071,0.011352902278572906,1.0146185630966815e-13
auto,all,EUR,mt_ridge_vs_prsxtra,0.75,30,0.009827253788657054,0.0006451371330736938,0.008507800200854225,0.011146707376459883,2.256250577685345e-15
auto,all,EUR,mt_ridge_vs_prsxtra,1.0,30,0.011333769695996468,0.0007950070119265541,0.009707797789500932,0.012959741602492003,1.2379344931776462e-14
auto,all,EUR,mt_vs_prsxtra,0.0,30,0.005283261487520315,0.0008410441308475781,0.0035631331007691127,0.007003389874271517,7.374135653421357e-07
auto,all,EUR,mt_vs_prsxtra,0.25,30,0.005186733029501254,0.0006859134217666486,0.003783882567367433,0.006589583491635074,2.457840038669403e-08
auto,all,EUR,mt_vs_prsxtra,0.5,30,0.006620617414381676,0.0008611745146880826,0.004859317769892365,0.008381917058870987,1.7758496697591006e-08
auto,all,EUR,mt_vs_prsxtra,0.75,30,0.00694663942273284,0.000732392668118003,0.005448728228217242,0.008444550617248438,2.1606524457438437e-10
auto,all,EUR,mt_vs_prsxtra,1.0,30,0.008131461774317204,0.0008567432872183112,0.006379225007600102,0.009883698541034306,2.1292289882340573e-10
auto,all,EUR,mtag_in_stack,0.0,30,-0.000168442921787193,0.00013636462965770413,-0.0004473399045015778,0.0001104540609271918,0.22665567246167778
auto,all,EUR,mtag_in_stack,0.25,30,-0.000338652691954943,0.00015519114742828632,-0.0006560542268718606,-2.1251157038025396e-05,0.037344330464922165
auto,all,EUR,mtag_in_stack,0.5,30,0.00015941791328905424,0.00013904248551834547,-0.000124955899608873,0.00044379172618698145,0.26094376271180114
auto,all,EUR,mtag_in_stack,0.75,30,6.77728258999803e-05,0.00010374995506109444,-0.00014441965756090591,0.0002799653093608665,0.5187524302049279
auto,all,EUR,mtag_in_stack,1.0,30,0.00028607690147481056,9.826058372394128e-05,8.511144298934363e-05,0.0004870423599602775,0.006850954955388969
auto,all,EUR,mtag_alone,0.0,30,4.914353129370127e-05,0.00010984335856348698,-0.0001755113616317534,0.0002737984242191559,0.6579128372554011
auto,all,EUR,mtag_alone,0.25,30,-0.00010194308284531865,7.556923727240835e-05,-0.0002564995269482077,5.2613361257570414e-05,0.18777603043646496
auto,all,EUR,mtag_alone,0.5,30,7.26924717279872e-05,8.337965964545094e-05,-9.7838079729825e-05,0.0002432230231857994,0.3904647946651862
auto,all,EUR,mtag_alone,0.75,30,0.00010509984191988749,0.00010353906296456035,-0.00010666131877387566,0.00031686100261365066,0.3184649269818448
auto,all,EUR,mtag_alone,1.0,30,0.0004661390726004614,0.00010476745822048622,0.00025186556151702346,0.0006804125836838994,0.00011680459797218433
auto,all,EUR,mt_alone,0.0,30,0.009778452516076083,0.0008650539264141525,0.008009218583730576,0.01154768644842159,3.814590794580849e-12
auto,all,EUR,mt_alone,0.25,30,0.009528384420697372,0.000585156588498012,0.00833160482061199,0.010725164020782755,3.967378583548055e-16
auto,all,EUR,mt_alone,0.5,30,0.011233809249168713,0.0007982234418784529,0.00960125900479371,0.012866359493543715,1.7189613155612233e-14
auto,all,EUR,mt_alone,0.75,30,0.011374190921615632,0.0006410160460924143,0.010063165903064723,0.012685215940166542,4.0952016229506176e-17
auto,all,EUR,mt_alone,1.0,30,0.012838952151769495,0.0007780403409192763,0.011247680983746358,0.014430223319792632,2.7969264821330413e-16
auto,all,EUR,stacking_on_mt,0.0,30,0.002791370911627178,0.00039650325712632726,0.0019804306969502484,0.0036023111263041073,9.625461092713394e-08
auto,all,EUR,stacking_on_mt,0.25,30,0.002763306939354027,0.0003557218678470747,0.0020357740308783777,0.003490839847829676,1.4454418780861518e-08
auto,all,EUR,stacking_on_mt,0.5,30,0.003200756367433809,0.00038160870988426755,0.002420278922282486,0.003981233812585132,3.034816839560383e-09
auto,all,EUR,stacking_on_mt,0.75,30,0.002880614365924211,0.00028146949824513933,0.0023049446047570333,0.003456284127091389,3.893228520046246e-11
auto,all,EUR,stacking_on_mt,1.0,30,0.003202307921679264,0.00031402270036190493,0.0025600593865965403,0.0038445564567619874,4.225087705757694e-11
auto,all,EAS,mt_ridge_vs_prsxtra,0.0,30,0.010445718021815016,0.0012590438083161298,0.007870684304303223,0.01302075173932681,3.805110634260146e-09
auto,all,EAS,mt_ridge_vs_prsxtra,0.25,30,0.012721954654650057,0.001112854159578573,0.010445912340109283,0.014997996969190831,2.916315670779757e-12
auto,all,EAS,mt_ridge_vs_prsxtra,0.5,30,0.0140264671589389,0.0011002176343160974,0.011776269440438499,0.0162766648774393,2.053274948173537e-13
auto,all,EAS,mt_ridge_vs_prsxtra,0.75,30,0.015012876406321093,0.0009087499175036585,0.013154274137756963,0.016871478674885223,2.714809465366754e-16
auto,all,EAS,mt_ridge_vs_prsxtra,1.0,30,0.01659736245214011,0.001135387631440335,0.014275234013007497,0.018919490891272726,6.51922241715644e-15
auto,all,EAS,mt_vs_prsxtra,0.0,30,0.0018070442314277902,0.0015032193689817183,-0.0012673845806416373,0.004881473043497218,0.23904297485562714
auto,all,EAS,mt_vs_prsxtra,0.25,30,0.005405388887213762,0.001329865121727307,0.0026855093202186584,0.008125268454208866,0.00033559137511604716
auto,all,EAS,mt_vs_prsxtra,0.5,30,0.005829884512834443,0.0012448255948726817,0.003283930306915359,0.008375838718753527,6.112734788345087e-05
auto,all,EAS,mt_vs_prsxtra,0.75,30,0.006196936681785048,0.0011706309386931622,0.0038027275859721615,0.008591145777597934,1.1215090845627762e-05
auto,all,EAS,mt_vs_prsxtra,1.0,30,0.006016408469587249,0.0015136139102209338,0.0029207204336590075,0.00911209650551549,0.0004283071721456486
auto,all,EAS,mtag_in_stack,0.0,30,-0.00010137171990777238,0.00022345957375691138,-0.0005583978639737466,0.00035565442415820184,0.6534597265821726
auto,all,EAS,mtag_in_stack,0.25,30,8.51430108217185e-05,0.00019159775069448653,-0.000306718388264597,0.000477004409908034,0.6600635570025806
auto,all,EAS,mtag_in_stack,0.5,30,0.0008043931706999819,0.0001447652579807409,0.0005083149739267827,0.001100471367473181,5.409813586822684e-06
auto,all,EAS,mtag_in_stack,0.75,30,0.002162305236851546,0.0002794275189170034,0.001590811792334894,0.002733798681368198,1.560197527737899e-08
auto,all,EAS,mtag_in_stack,1.0,30,0.0032285806052720968,0.0002568847415498933,0.0027031923172426567,0.003753968893301537,2.920665266950989e-13
auto,all,EAS,mtag_alone,0.0,30,-0.0003086168464273046,0.00027317577197215803,-0.0008673240327772462,0.00025009033992263703,0.2678451032185543
auto,all,EAS,mtag_alone,0.25,30,-0.00014589798980780243,0.00026398939378880447,-0.0006858169231933082,0.0003940209435777033,0.584727255471156
auto,all,EAS,mtag_alone,0.5,30,0.0012746177506701081,0.00021763493316347723,0.0008295043342005949,0.0017197311671396213,2.3617209361248797e-06
auto,all,EAS,mtag_alone,0.75,30,0.003181556018990729,0.00029332997933352703,0.002581628850331626,0.003781483187649832,1.0125894431405188e-11
auto,all,EAS,mtag_alone,1.0,30,0.004398525371883111,0.0004614093627915495,0.0034548372659442715,0.00534221347782195,1.9320176152630392e-10
auto,all,EAS,mt_alone,0.0,30,0.03198293872157814,0.001722900803622713,0.028459210927554712,0.03550666651560157,1.2252683159013605e-17
auto,all,EAS,mt_alone,0.25,30,0.03332909002528159,0.0014735806798588308,0.030315279138760247,0.03634290091180293,5.710586515741057e-20
auto,all,EAS,mt_alone,0.5,30,0.03501088619195802,0.00134317685470862,0.03226378107408138,0.037757991309834656,1.124635000556914e-21
auto,all,EAS,mt_alone,0.75,30,0.03726065483772368,0.0013826400631322664,0.03443283839620534,0.04008847127924202,4.440643980425934e-22
auto,all,EAS,mt_alone,1.0,30,0.03735207151638507,0.0014425889799336525,0.03440164577321078,0.04030249725955935,1.3542461161216964e-21
auto,all,EAS,stacking_on_mt,0.0,30,0.008638673790387226,0.0005878964168140597,0.007436290612215508,0.009841056968558944,5.707216343524831e-15
auto,all,EAS,stacking_on_mt,0.25,30,0.007316565767436291,0.00046509053837505795,0.006365348812076166,0.008267782722796418,9.774317549799796e-16
auto,all,EAS,stacking_on_mt,0.5,30,0.00819658264610446,0.0005051269673879668,0.007163481999361992,0.00922968329284693,4.3474066335212535e-16
auto,all,EAS,stacking_on_mt,0.75,30,0.008815939724536046,0.0005360951795129023,0.007719501972391805,0.009912377476680286,3.062919935075862e-16
auto,all,EAS,stacking_on_mt,1.0,30,0.010580953982552856,0.0006183425954451279,0.00931630137735521,0.011845606587750501,1.0730830560297366e-16
