phi,trait,pop,method,n_seeds,mean,se,ci_lo,ci_hi
auto,all,EUR,prscsx,30,0.638570877044979,0.0007183127263120528,0.6371017625648043,0.6400399915251536
auto,all,EUR,mtag_prscsx,30,0.6386891034119181,0.0007272064206609127,0.6372017992844332,0.640176407539403
auto,all,EUR,prsxa,30,0.6430866578657694,0.0007312855625722554,0.6415910109563329,0.6445823047752058
auto,all,EUR,prsxtra,30,0.6430878922711537,0.0007294304784300147,0.6415960394347936,0.6445797451075138
auto,all,EUR,prscsx_mt,30,0.6495216348968444,0.0006473667824916231,0.6481976211639605,0.6508456486297284
auto,all,EUR,prscsx_mt_ridge,30,0.652489306198048,0.0006350520206037818,0.6511904789812129,0.6537881334148832
auto,all,EAS,prscsx,30,0.5775194092982703,0.0013167928875474702,0.5748262654521087,0.5802125531444319
auto,all,EAS,mtag_prscsx,30,0.5791994461593319,0.0013003360997330886,0.5765399602234226,0.5818589320952413
auto,all,EAS,prsxa,30,0.6062195949395383,0.001321880499252998,0.6035160457591089,0.6089231441199676
auto,all,EAS,prsxtra,30,0.6074554050002858,0.0012859848006496887,0.6048252707666649,0.6100855392339067
auto,all,EAS,prscsx_mt,30,0.6125065375568555,0.001186462710368597,0.6100799488523245,0.6149331262613864
auto,all,EAS,prscsx_mt_ridge,30,0.6212162807390588,0.001259310024920094,0.6186407025474573,0.6237918589306602
